pH,Nitrogen,Phosphorus,Potassium,Moisture,Organic_Matter,Electrical_Conductivity,Temperature,Humidity,Soil_Type
5.17,38.53,15.05,94.92,18.32,0.94,0.29,27.45,84.07,Laterite Soil
5.93,80.54,18.67,135.77,15.43,0.9,0.33,22.83,48.8,Red Soil
8.54,90.37,38.29,162.86,11.02,0.62,3.96,28.67,41.86,Saline Soil
4.18,36.7,10.15,80.39,16.69,0.72,0.22,21.3,87.8,Laterite Soil
6.64,54.28,19.24,83.68,10.76,0.84,0.15,29.91,46.88,Sandy Loam
6.82,152.21,65.44,154.41,50.47,3.41,1.37,27.2,72.27,Clayey Soil
5.66,40.13,32.85,98.48,15.71,0.86,0.36,33.35,80.88,Laterite Soil
6.57,157.43,54.52,147.34,58.27,2.38,1.35,19.57,88.14,Clayey Soil
9.29,47.6,37.79,152.93,13.0,0.88,3.08,29.38,20.01,Saline Soil
5.2,46.94,9.48,73.67,21.38,1.09,0.34,29.38,65.15,Laterite Soil
7.89,59.48,32.45,165.36,15.95,0.73,3.46,32.09,49.87,Saline Soil
3.96,212.66,29.35,74.96,58.03,7.09,1.77,26.02,77.83,Peaty Soil
6.8,67.11,19.78,100.94,9.22,0.34,0.19,30.36,47.4,Sandy Loam
5.88,64.88,35.15,126.13,26.24,0.8,0.41,32.38,51.81,Red Soil
8.65,69.69,45.95,125.55,16.73,1.05,3.57,35.32,42.69,Saline Soil
7.36,124.33,38.65,231.51,36.55,1.72,0.74,25.57,53.9,Black Soil
7.46,103.65,34.14,232.76,40.84,2.23,0.78,30.21,52.25,Black Soil
4.74,227.44,34.21,126.42,54.24,6.67,2.15,23.51,81.15,Peaty Soil
7.25,183.53,39.43,218.05,32.97,3.05,1.34,19.21,80.07,Alluvial Soil
5.47,45.64,16.92,72.82,15.78,0.74,0.28,35.84,84.15,Laterite Soil
4.75,51.72,20.53,85.73,10.25,0.52,0.28,32.72,81.18,Laterite Soil
7.21,133.53,43.79,181.02,56.35,3.53,0.95,25.6,70.98,Clayey Soil
8.32,111.1,29.64,252.3,36.11,1.92,1.33,24.21,48.33,Black Soil
4.66,54.41,26.01,69.36,20.95,1.12,0.37,30.07,70.91,Laterite Soil
6.0,48.39,34.71,134.81,13.6,1.39,0.35,32.76,47.42,Red Soil
8.15,102.73,45.42,220.54,45.35,2.57,0.76,34.46,52.42,Black Soil
4.16,283.94,34.04,16.9,55.47,5.55,1.32,21.07,86.95,Peaty Soil
5.94,66.62,30.07,97.71,19.81,1.0,0.37,34.17,51.92,Red Soil
7.61,166.34,47.44,125.12,58.65,4.22,0.81,29.28,76.87,Clayey Soil
4.96,52.14,5.0,67.81,21.17,0.75,0.26,27.88,84.52,Laterite Soil
5.77,56.54,23.54,101.74,20.81,1.17,0.05,26.43,44.67,Red Soil
7.5,109.76,41.42,242.55,46.37,1.84,1.19,27.67,46.04,Black Soil
6.64,131.45,54.23,205.74,50.55,3.5,1.33,25.94,69.39,Clayey Soil
7.82,70.7,57.91,251.2,38.97,1.72,0.97,34.82,46.14,Black Soil
8.13,65.08,44.29,120.42,16.55,0.71,4.58,28.58,38.81,Saline Soil
8.0,74.17,30.0,185.7,49.31,2.38,1.32,31.37,64.3,Black Soil
6.98,197.42,60.99,230.19,33.66,2.75,0.82,21.0,60.11,Alluvial Soil
5.85,68.86,38.76,95.52,18.74,1.24,0.38,30.08,34.81,Red Soil
7.29,149.88,69.48,212.07,50.36,4.9,1.16,20.63,69.25,Clayey Soil
4.56,234.45,32.65,84.05,68.84,5.99,1.94,18.4,87.77,Peaty Soil
7.34,53.3,17.08,83.31,16.04,0.65,0.31,26.84,53.9,Sandy Loam
6.94,174.76,54.39,224.17,47.69,3.39,1.06,20.2,72.85,Clayey Soil
6.63,34.51,22.63,126.71,10.46,0.88,0.28,27.97,31.43,Sandy Loam
7.29,145.82,75.18,158.02,34.49,3.11,0.65,28.54,69.82,Alluvial Soil
4.48,205.21,32.98,62.77,52.22,6.7,1.84,24.1,93.87,Peaty Soil
8.16,100.86,62.48,210.17,48.59,1.69,0.78,27.96,56.1,Black Soil
6.54,119.44,63.96,206.61,57.69,3.7,1.22,19.74,72.16,Clayey Soil
9.28,74.91,45.92,203.05,15.65,0.63,3.21,30.76,38.74,Saline Soil
5.12,52.08,8.87,82.28,21.2,0.83,0.49,28.95,75.65,Laterite Soil
7.6,96.3,48.64,199.98,46.44,1.99,0.81,25.65,56.84,Black Soil
7.13,157.05,48.32,157.99,44.35,3.71,1.42,29.66,76.29,Clayey Soil
6.17,70.19,39.46,78.51,16.11,0.62,0.49,30.13,61.11,Red Soil
6.32,79.53,30.8,65.69,17.71,1.09,0.51,32.42,49.23,Red Soil
7.81,112.75,35.59,186.0,45.2,1.71,0.76,27.3,58.93,Black Soil
5.55,66.6,14.6,77.91,19.53,0.94,0.28,34.84,65.72,Laterite Soil
4.87,41.58,19.93,92.93,18.03,0.9,0.31,31.01,70.92,Laterite Soil
6.69,51.56,24.98,92.39,11.86,0.43,0.45,28.28,46.99,Sandy Loam
8.63,60.37,54.38,183.16,16.61,1.1,5.11,32.33,40.93,Saline Soil
6.7,60.29,25.86,87.46,10.35,0.43,0.27,30.84,42.09,Sandy Loam
7.35,137.73,46.81,147.73,55.15,4.22,1.42,26.12,62.93,Clayey Soil
4.84,60.98,24.11,48.3,22.47,1.37,0.32,32.8,84.74,Laterite Soil
4.5,50.1,17.96,57.05,13.42,0.83,0.28,29.75,77.46,Laterite Soil
4.74,258.58,22.54,95.47,49.32,6.92,1.81,17.56,82.71,Peaty Soil
8.7,96.91,34.98,99.9,17.24,0.74,4.08,29.81,38.78,Saline Soil
4.74,211.89,21.79,87.1,50.91,6.55,1.5,14.11,87.92,Peaty Soil
8.4,71.33,39.54,171.19,14.29,0.7,3.78,26.67,36.02,Saline Soil
7.3,106.88,56.02,161.2,47.22,3.61,1.2,31.39,69.31,Clayey Soil
6.19,67.13,17.76,58.77,18.33,0.75,0.26,30.49,46.05,Sandy Loam
4.76,34.28,16.06,87.05,24.89,0.95,0.39,30.26,82.05,Laterite Soil
8.58,102.9,40.59,207.86,19.07,0.78,3.32,29.68,25.08,Saline Soil
5.0,52.49,11.27,104.57,22.67,0.8,0.27,34.09,90.89,Laterite Soil
8.09,110.11,52.96,277.01,50.36,1.77,0.84,29.33,62.47,Black Soil
6.07,164.93,57.1,189.82,58.19,2.9,1.06,17.37,97.55,Clayey Soil
4.33,252.64,35.03,66.4,48.4,7.54,1.22,16.51,90.64,Peaty Soil
6.98,93.17,33.48,190.46,49.38,2.81,1.47,25.15,80.54,Clayey Soil
5.05,202.13,25.32,112.85,60.77,7.41,1.91,20.78,86.81,Peaty Soil
9.09,52.76,35.6,134.48,19.05,0.48,4.52,29.39,40.01,Saline Soil
4.38,201.61,35.43,83.31,57.3,6.71,1.71,21.54,84.76,Peaty Soil
7.68,117.38,53.05,228.28,37.03,1.67,0.83,25.37,49.42,Black Soil
7.21,164.43,62.5,180.21,29.35,3.22,0.8,24.07,74.3,Alluvial Soil
6.43,56.03,28.3,125.11,13.15,1.74,0.42,21.8,49.34,Red Soil
7.64,190.34,87.52,171.79,26.4,1.91,0.97,28.79,67.61,Alluvial Soil
7.4,128.01,53.38,177.4,49.18,4.27,0.87,24.92,75.85,Clayey Soil
5.43,41.1,16.09,84.41,20.03,0.71,0.18,40.86,77.08,Laterite Soil
4.65,209.71,12.38,105.29,59.91,6.46,1.99,24.04,85.97,Peaty Soil
5.76,37.57,31.21,85.69,24.76,0.99,0.52,34.83,37.72,Red Soil
7.11,140.67,67.73,208.63,54.08,3.59,1.17,14.71,63.54,Clayey Soil
7.54,114.81,51.55,258.62,47.81,2.6,0.95,23.27,58.6,Black Soil
4.31,227.0,37.49,33.59,54.89,5.23,1.18,28.71,88.29,Peaty Soil
7.73,93.51,44.19,273.3,48.63,1.82,0.91,30.04,65.18,Black Soil
6.66,197.03,69.9,185.77,28.23,2.36,0.83,30.8,63.54,Alluvial Soil
6.55,86.91,20.09,91.88,25.53,1.06,0.18,24.18,45.88,Red Soil
5.28,41.42,26.97,99.72,20.61,1.19,0.31,33.3,87.61,Laterite Soil
9.3,73.47,32.9,151.48,17.49,0.8,3.24,33.25,34.63,Saline Soil
6.34,173.36,36.3,200.81,52.19,3.11,1.19,26.57,84.25,Clayey Soil
4.55,223.34,26.57,118.41,65.87,6.43,1.0,15.03,86.32,Peaty Soil
5.7,57.7,26.44,116.2,20.42,1.23,0.66,27.57,33.42,Red Soil
4.99,48.77,24.82,67.99,20.64,0.86,0.29,37.9,68.63,Laterite Soil
5.15,51.05,14.35,78.92,14.15,0.61,0.35,27.95,81.5,Laterite Soil
8.81,87.76,51.4,132.08,17.23,1.27,3.76,32.58,29.5,Saline Soil
7.93,94.93,41.13,166.96,16.09,0.56,3.6,38.12,50.92,Saline Soil
4.22,46.85,23.89,57.01,20.95,0.61,0.31,33.12,73.71,Laterite Soil
9.0,59.09,27.39,135.95,18.19,0.47,3.74,29.63,46.48,Saline Soil
8.43,78.91,28.44,94.96,18.49,0.74,4.24,28.05,36.33,Saline Soil
4.99,66.19,25.69,49.24,19.65,0.66,0.28,31.93,76.62,Laterite Soil
5.22,76.91,35.34,108.22,27.63,1.36,0.52,33.63,50.83,Red Soil
5.17,45.02,21.53,78.77,18.7,1.24,0.35,28.93,77.44,Laterite Soil
6.52,45.17,21.04,115.31,10.32,0.76,0.31,30.4,46.16,Sandy Loam
6.04,71.54,25.92,123.93,19.53,0.52,0.43,20.5,51.01,Red Soil
4.4,213.89,22.81,68.06,62.2,7.26,1.58,23.02,85.78,Peaty Soil
6.19,58.37,22.4,99.02,27.63,1.82,0.48,27.73,37.99,Red Soil
5.49,59.74,27.94,111.34,28.32,1.12,0.59,27.85,45.35,Red Soil
8.9,92.78,36.74,193.84,15.92,0.69,3.9,25.76,43.95,Saline Soil
7.68,144.1,78.96,195.31,27.58,3.03,0.78,24.4,68.49,Alluvial Soil
6.71,67.1,38.3,109.52,23.69,1.54,0.43,30.33,58.96,Red Soil
8.24,127.54,46.56,203.04,44.72,2.02,1.36,22.41,64.62,Black Soil
8.04,129.07,51.15,136.7,48.11,4.54,1.02,30.72,64.67,Clayey Soil
7.49,192.53,67.27,225.03,19.84,3.14,0.65,20.09,71.58,Alluvial Soil
5.41,44.05,17.37,66.18,13.53,0.64,0.32,31.98,78.97,Laterite Soil
7.82,96.25,43.73,323.72,35.5,2.17,0.93,30.27,49.74,Black Soil
6.75,58.28,29.41,91.91,11.04,0.41,0.27,28.3,44.69,Sandy Loam
4.64,262.69,31.77,89.81,53.35,6.61,1.42,23.22,80.33,Peaty Soil
7.8,62.75,35.88,178.43,20.58,0.7,4.32,35.94,26.03,Saline Soil
7.16,171.68,62.76,184.17,57.13,2.75,0.77,24.55,74.52,Clayey Soil
8.07,78.46,45.12,173.09,16.74,0.99,3.41,30.7,41.56,Saline Soil
5.27,43.23,6.37,71.2,22.1,0.75,0.3,32.26,71.4,Laterite Soil
7.59,207.28,72.31,162.23,30.58,3.41,0.77,34.62,70.75,Alluvial Soil
5.49,55.9,12.36,114.18,13.59,1.09,0.33,27.48,77.19,Laterite Soil
5.44,87.87,32.73,72.25,31.3,1.08,0.34,24.15,46.13,Red Soil
4.89,225.88,33.71,125.3,57.66,5.84,1.47,17.59,87.04,Peaty Soil
5.28,55.21,14.23,57.03,27.26,0.73,0.36,26.18,76.18,Laterite Soil
7.98,109.25,36.86,269.84,39.85,2.48,0.95,25.61,52.61,Black Soil
7.76,180.52,67.77,157.2,29.23,2.61,0.7,30.99,71.9,Alluvial Soil
4.34,265.46,31.51,104.71,64.19,6.68,1.6,16.78,91.82,Peaty Soil
4.23,206.38,31.41,61.05,47.59,6.39,1.55,21.78,81.62,Peaty Soil
7.09,184.95,63.27,177.79,29.54,2.78,0.67,24.01,68.75,Alluvial Soil
6.24,77.5,20.99,75.2,12.74,0.54,0.34,31.62,38.07,Sandy Loam
6.7,133.23,60.78,195.55,39.54,2.96,0.72,29.4,52.52,Alluvial Soil
6.15,83.03,28.16,88.49,18.67,0.51,0.69,32.78,40.94,Red Soil
6.35,66.82,31.8,102.57,21.01,1.02,0.4,26.88,51.98,Red Soil
7.35,153.31,63.29,198.61,34.31,3.16,0.58,21.13,76.94,Alluvial Soil
5.47,54.44,12.41,74.34,21.9,0.54,0.35,37.97,84.9,Laterite Soil
8.75,80.15,36.63,125.74,15.02,0.62,4.88,31.62,26.32,Saline Soil
8.89,35.88,29.13,124.69,19.8,0.5,4.37,31.49,47.39,Saline Soil
7.22,137.25,48.82,217.3,32.77,2.71,0.75,27.72,64.22,Alluvial Soil
5.88,50.94,23.91,83.11,22.4,0.15,0.28,34.92,74.28,Laterite Soil
9.43,69.29,38.53,149.07,17.13,0.84,4.86,33.07,40.02,Saline Soil
6.84,160.02,59.21,166.4,32.55,3.61,0.8,25.62,65.96,Alluvial Soil
6.34,88.14,15.54,133.41,30.52,0.96,0.68,28.5,36.33,Red Soil
6.21,51.38,30.32,87.67,11.53,0.65,0.38,31.73,46.74,Sandy Loam
4.82,277.74,29.25,90.87,60.7,6.56,1.78,21.24,90.56,Peaty Soil
6.11,83.38,23.29,117.4,15.05,1.22,0.68,25.72,41.54,Red Soil
8.67,68.62,36.04,125.22,15.45,0.68,3.25,22.6,29.55,Saline Soil
4.44,60.32,5.0,118.44,23.76,0.78,0.3,31.91,74.17,Laterite Soil
8.83,52.48,32.18,115.2,22.09,0.46,4.11,25.09,52.4,Saline Soil
4.37,275.88,33.17,53.23,58.57,7.07,1.98,26.96,89.99,Peaty Soil
6.55,151.74,37.45,165.24,53.4,3.6,1.19,25.73,65.52,Clayey Soil
6.02,71.24,25.41,75.25,17.89,1.22,0.52,29.44,57.83,Red Soil
7.05,72.62,33.74,114.77,12.0,0.62,0.25,27.68,27.27,Sandy Loam
6.7,194.19,48.93,184.67,42.74,3.66,1.44,22.15,55.17,Clayey Soil
6.06,82.4,26.42,146.67,18.42,0.92,0.63,27.81,61.61,Red Soil
7.71,129.62,35.03,180.88,43.64,1.11,1.1,19.74,55.23,Black Soil
8.26,99.69,45.6,149.45,13.31,0.65,3.73,28.09,37.08,Saline Soil
6.99,187.18,64.45,182.27,29.44,2.96,0.52,29.13,65.09,Alluvial Soil
7.56,129.39,54.37,147.73,42.65,2.96,1.01,22.76,66.81,Clayey Soil
7.22,158.7,68.38,168.88,51.21,2.97,1.28,18.58,79.82,Clayey Soil
6.21,63.94,28.01,112.59,14.65,1.91,0.51,30.3,53.23,Red Soil
7.22,167.03,62.17,173.14,48.65,3.35,1.26,27.18,76.5,Clayey Soil
6.41,213.85,63.63,232.13,24.83,2.5,0.75,26.66,64.85,Alluvial Soil
8.03,51.06,28.54,173.36,14.93,0.63,3.79,31.45,53.32,Saline Soil
6.68,150.4,48.83,221.37,57.52,3.5,1.2,29.06,78.35,Clayey Soil
5.6,109.01,19.5,222.8,53.03,2.85,1.26,24.66,78.66,Clayey Soil
6.48,154.19,60.44,161.22,52.09,3.01,1.56,23.58,67.08,Clayey Soil
7.81,118.77,34.13,261.97,44.6,1.84,0.91,24.62,54.89,Black Soil
6.62,182.84,63.22,131.56,51.73,3.62,0.96,15.92,74.74,Clayey Soil
6.11,84.44,27.12,85.08,15.42,0.7,0.28,24.93,39.84,Sandy Loam
8.21,86.72,30.77,138.9,15.67,0.6,3.47,25.55,36.68,Saline Soil
6.7,204.61,62.43,193.52,35.04,2.24,0.81,27.08,71.45,Alluvial Soil
4.15,220.3,27.5,75.65,58.07,6.3,1.64,17.04,83.82,Peaty Soil
7.09,139.62,78.98,172.96,28.35,2.9,0.92,22.94,68.43,Alluvial Soil
6.19,67.59,24.11,119.42,27.55,1.59,0.22,31.69,46.49,Red Soil
6.41,64.79,19.9,138.19,25.62,1.15,0.3,24.83,48.91,Red Soil
7.0,158.92,91.05,189.72,32.55,3.08,0.76,32.43,63.64,Alluvial Soil
8.55,75.06,25.39,86.72,18.62,0.8,4.88,30.25,31.58,Saline Soil
4.67,43.36,15.13,74.23,13.71,0.93,0.41,31.84,83.26,Laterite Soil
4.58,201.09,19.84,68.39,69.31,5.02,1.75,19.25,83.07,Peaty Soil
4.43,204.39,40.53,122.46,61.62,8.2,1.65,23.79,91.74,Peaty Soil
7.27,123.56,43.54,200.92,49.78,2.64,1.03,22.84,85.66,Clayey Soil
8.76,104.25,28.45,88.07,14.41,0.97,3.01,27.29,39.4,Saline Soil
6.97,198.3,69.02,204.48,34.11,2.03,0.86,28.64,60.88,Alluvial Soil
8.46,99.09,47.72,211.23,39.9,1.67,0.93,23.74,54.92,Black Soil
6.43,149.2,57.67,194.86,51.39,3.99,0.64,20.3,75.23,Clayey Soil
7.48,111.09,50.04,304.04,43.95,2.18,1.41,25.53,42.72,Black Soil
5.78,49.76,28.14,101.2,33.83,1.3,0.4,25.49,32.02,Red Soil
7.82,114.17,55.07,207.93,41.82,1.84,1.01,25.9,65.82,Black Soil
8.53,62.98,42.37,138.81,17.95,0.49,5.5,37.11,20.81,Saline Soil
5.47,64.52,14.78,87.69,15.86,1.41,0.24,34.08,83.48,Laterite Soil
8.64,90.28,45.01,132.23,10.84,0.78,3.86,26.8,40.68,Saline Soil
7.41,97.84,32.12,188.31,42.3,2.38,1.14,28.97,42.74,Black Soil
4.55,250.29,28.82,60.74,58.22,7.13,1.18,25.48,90.53,Peaty Soil
4.77,51.44,20.25,78.35,20.1,0.96,0.16,32.91,73.64,Laterite Soil
4.77,52.71,23.59,56.29,17.97,0.42,0.27,31.1,72.44,Laterite Soil
7.86,86.76,40.57,227.03,39.26,1.61,1.05,29.29,56.34,Black Soil
4.41,262.67,25.73,62.53,59.52,6.75,1.95,20.14,83.57,Peaty Soil
7.76,113.39,38.59,312.89,48.15,1.39,0.92,25.39,37.44,Black Soil
4.52,172.86,22.48,88.16,60.67,6.96,1.8,18.26,76.26,Peaty Soil
6.87,60.38,15.55,76.0,15.49,0.44,0.43,30.56,42.39,Sandy Loam
7.7,86.52,48.47,234.48,42.79,2.57,0.78,28.14,60.22,Black Soil
8.47,82.97,25.76,166.28,12.81,0.62,4.69,36.82,52.27,Saline Soil
8.08,62.02,43.83,160.69,14.26,0.75,5.25,39.63,40.33,Saline Soil
6.42,218.24,63.1,182.19,27.45,1.97,0.87,26.76,58.97,Alluvial Soil
6.36,162.61,33.72,210.43,50.35,2.94,1.33,29.2,82.38,Clayey Soil
8.35,78.09,35.03,151.84,16.12,0.66,4.46,33.86,31.11,Saline Soil
5.01,53.22,19.37,55.73,25.7,0.73,0.35,33.31,77.09,Laterite Soil
8.07,114.26,31.2,158.93,50.29,1.57,0.55,28.58,61.35,Black Soil
6.84,167.82,57.89,169.08,32.22,2.38,0.79,26.32,66.33,Alluvial Soil
7.07,66.82,24.71,81.84,18.79,0.78,0.22,23.28,43.42,Sandy Loam
6.86,164.37,42.63,136.76,45.8,2.7,1.3,19.08,71.77,Clayey Soil
4.85,28.53,23.04,95.34,17.36,0.78,0.34,35.42,80.66,Laterite Soil
4.33,71.33,20.42,74.32,21.67,0.49,0.25,30.64,86.88,Laterite Soil
4.76,244.59,31.34,108.77,53.36,6.35,1.79,15.29,92.79,Peaty Soil
6.84,149.92,52.5,180.38,30.42,2.42,0.56,24.9,69.27,Alluvial Soil
6.81,77.26,19.12,79.43,16.02,0.39,0.14,31.45,45.97,Sandy Loam
6.08,72.41,32.64,87.14,27.41,1.17,0.54,27.11,58.93,Red Soil
6.35,46.79,24.87,100.72,12.42,0.6,0.48,35.03,51.2,Sandy Loam
5.42,46.58,12.11,81.93,22.39,1.04,0.39,30.36,74.97,Laterite Soil
7.58,91.74,56.61,157.11,60.43,4.33,1.16,29.37,87.37,Clayey Soil
6.73,93.09,39.01,103.79,25.68,0.82,0.34,20.57,62.22,Red Soil
6.27,47.41,27.65,97.02,22.26,0.86,0.33,21.65,58.39,Red Soil
7.96,96.85,43.34,190.61,50.02,2.0,1.1,20.43,57.49,Black Soil
4.59,58.56,8.26,73.57,22.39,0.71,0.18,31.44,74.07,Laterite Soil
5.34,65.11,27.31,76.99,22.35,0.76,0.39,34.18,84.55,Laterite Soil
8.06,178.56,67.41,226.52,36.97,3.39,0.85,22.5,79.43,Alluvial Soil
5.43,54.03,20.5,82.99,21.6,0.92,0.33,34.57,73.68,Laterite Soil
6.57,79.04,23.73,69.05,8.96,0.74,0.3,27.79,50.21,Sandy Loam
7.18,186.6,80.27,216.97,33.3,1.97,0.61,26.07,68.65,Alluvial Soil
8.05,123.88,39.43,244.85,40.57,1.55,0.97,32.42,52.95,Black Soil
6.89,39.31,25.86,87.64,14.42,0.51,0.2,28.5,41.22,Sandy Loam
5.78,53.83,25.53,92.72,12.93,0.77,0.27,30.56,44.01,Sandy Loam
4.11,169.45,20.45,81.03,62.67,7.11,1.65,15.47,91.99,Peaty Soil
5.23,36.56,14.33,61.25,15.96,0.77,0.28,29.05,73.07,Laterite Soil
6.13,71.89,44.14,79.21,24.03,1.6,0.41,32.77,39.65,Red Soil
7.64,187.26,46.13,120.0,41.93,4.19,1.14,24.64,60.57,Clayey Soil
6.36,71.57,15.39,59.01,12.15,0.91,0.28,31.72,44.22,Sandy Loam
6.58,138.85,58.36,178.68,64.71,3.67,1.03,22.04,71.05,Clayey Soil
6.3,127.93,54.82,181.41,55.35,3.68,1.15,21.77,77.01,Clayey Soil
6.79,127.14,48.28,161.91,50.91,3.95,1.12,27.58,85.53,Clayey Soil
5.96,85.72,22.13,96.79,23.26,1.1,0.52,30.4,52.08,Red Soil
4.97,49.4,25.36,77.84,15.72,0.67,0.35,34.9,79.83,Laterite Soil
8.65,112.67,26.67,114.63,13.1,0.78,5.36,38.37,17.21,Saline Soil
6.67,69.73,30.76,72.09,13.18,0.54,0.28,33.43,28.77,Sandy Loam
5.45,75.43,22.42,133.64,21.86,1.28,0.62,28.32,43.12,Red Soil
6.69,63.97,26.56,72.66,10.68,0.66,0.36,37.25,48.36,Sandy Loam
6.87,77.08,28.32,90.99,10.06,0.68,0.32,36.62,47.49,Sandy Loam
5.01,55.47,14.03,89.65,22.65,0.6,0.26,29.4,95.11,Laterite Soil
6.67,141.16,74.81,206.29,27.94,2.37,0.92,22.34,79.5,Alluvial Soil
4.3,42.18,13.16,84.88,16.14,1.07,0.41,33.34,76.6,Laterite Soil
6.43,88.82,33.6,155.32,23.12,1.05,0.49,34.23,41.38,Red Soil
7.95,110.29,48.24,260.39,42.0,1.14,0.87,32.01,66.15,Black Soil
6.25,71.27,32.8,116.88,21.25,1.02,0.46,31.34,50.27,Red Soil
6.36,65.57,24.76,116.88,23.18,1.52,0.59,27.44,47.13,Red Soil
8.56,109.88,39.33,79.12,19.77,0.95,4.91,24.36,32.03,Saline Soil
7.88,76.81,37.36,293.56,49.32,1.53,0.63,26.69,53.29,Black Soil
6.91,101.7,48.01,180.55,48.04,3.75,1.08,28.06,84.21,Clayey Soil
7.7,73.78,42.31,198.34,50.63,1.86,0.91,30.62,62.71,Black Soil
7.81,88.95,50.64,256.19,40.1,1.97,1.08,34.11,62.1,Black Soil
8.63,76.73,38.75,254.58,45.73,1.51,1.17,37.28,56.57,Black Soil
5.02,58.2,6.63,76.66,21.51,0.64,0.23,25.4,88.33,Laterite Soil
4.92,33.1,18.39,91.89,14.66,0.69,0.34,34.64,68.29,Laterite Soil
7.26,105.25,54.04,165.43,60.05,3.96,0.99,25.3,75.26,Clayey Soil
6.44,88.34,23.4,77.05,11.69,0.34,0.34,20.64,41.95,Sandy Loam
6.68,87.66,23.55,105.02,18.18,0.83,0.28,33.2,31.7,Sandy Loam
8.72,93.78,33.84,142.71,16.36,0.58,3.77,37.51,56.07,Saline Soil
7.87,61.85,50.03,219.35,49.49,1.91,0.64,28.66,72.57,Black Soil
7.87,89.01,39.21,185.83,47.32,1.88,1.1,28.37,53.7,Black Soil
4.21,190.08,33.04,102.98,59.76,5.82,1.34,22.2,75.72,Peaty Soil
7.08,98.97,52.71,187.42,26.38,3.62,0.54,24.96,68.92,Alluvial Soil
3.99,256.19,30.11,72.91,57.75,5.55,1.39,21.36,76.47,Peaty Soil
6.13,64.1,14.64,120.35,28.49,1.24,0.52,31.68,51.37,Red Soil
4.86,53.94,15.31,82.5,22.76,0.67,0.29,32.38,75.17,Laterite Soil
8.69,90.32,30.42,118.63,23.86,0.68,4.06,34.71,52.36,Saline Soil
5.66,72.45,37.2,89.13,25.03,0.97,0.66,28.11,40.86,Red Soil
5.06,50.04,15.38,59.8,16.57,0.66,0.35,27.79,86.67,Laterite Soil
7.45,146.35,66.52,253.17,27.5,2.46,0.83,27.13,70.45,Alluvial Soil
7.16,135.79,68.88,190.57,29.9,2.0,0.83,24.64,59.81,Alluvial Soil
7.03,196.72,66.18,233.88,28.77,3.17,0.72,26.28,68.64,Alluvial Soil
7.85,203.76,58.08,168.05,34.21,2.14,1.02,30.63,64.72,Alluvial Soil
7.34,193.99,77.97,220.02,34.07,2.76,0.5,28.0,69.45,Alluvial Soil
7.31,74.84,48.04,261.13,44.04,1.49,0.74,26.51,60.16,Black Soil
9.14,73.4,27.54,120.65,18.1,0.44,4.05,37.31,40.63,Saline Soil
6.6,181.37,56.49,157.24,31.02,2.65,1.11,28.02,58.36,Alluvial Soil
8.91,68.94,37.4,150.77,21.58,1.15,3.75,36.23,41.19,Saline Soil
5.69,37.68,25.95,79.54,18.48,0.75,0.19,33.96,72.96,Laterite Soil
8.49,108.83,30.08,174.71,11.59,0.49,5.63,31.95,33.15,Saline Soil
5.49,65.25,16.28,64.82,15.77,1.01,0.32,30.77,86.42,Laterite Soil
5.97,69.44,14.89,108.13,13.06,0.37,0.25,32.09,37.74,Sandy Loam
8.72,119.65,54.14,166.37,16.22,0.54,4.88,32.84,42.84,Saline Soil
8.86,74.2,50.46,111.63,13.22,0.71,4.51,24.2,30.54,Saline Soil
7.1,190.92,79.29,223.49,25.32,1.52,0.89,21.72,66.43,Alluvial Soil
6.51,70.36,22.79,68.13,12.66,0.9,0.4,22.02,50.73,Sandy Loam
8.87,57.3,32.51,177.37,13.7,0.72,3.02,40.02,49.37,Saline Soil
6.51,141.69,53.83,185.48,52.07,3.51,1.09,24.4,83.73,Clayey Soil
7.86,93.14,33.02,106.52,15.75,0.91,4.09,28.85,35.99,Saline Soil
6.6,67.82,27.54,59.64,15.81,0.7,0.24,27.35,39.33,Sandy Loam
8.79,93.42,26.59,134.38,15.46,0.56,2.94,29.96,50.19,Saline Soil
6.82,163.43,48.17,247.49,26.4,2.45,0.64,29.63,65.94,Alluvial Soil
5.05,55.67,5.0,77.66,14.48,0.93,0.22,28.43,76.22,Laterite Soil
8.25,66.72,51.73,241.31,51.46,1.87,0.45,27.39,63.48,Black Soil
5.02,59.82,24.64,68.75,16.6,0.51,0.45,32.61,57.41,Red Soil
8.84,61.04,45.96,132.29,13.12,0.88,5.41,33.67,49.34,Saline Soil
7.62,94.12,40.56,251.58,53.26,2.25,0.73,33.51,57.51,Black Soil
9.24,53.53,23.64,111.66,16.43,0.13,3.76,37.63,46.84,Saline Soil
6.05,70.46,18.0,108.71,19.68,0.35,0.2,33.75,46.1,Sandy Loam
4.27,226.17,22.77,64.92,59.19,6.1,2.03,17.11,87.67,Peaty Soil
6.49,77.64,26.69,140.61,20.19,1.11,0.45,25.95,48.66,Red Soil
6.28,79.35,31.13,106.27,12.11,0.48,0.29,29.87,37.13,Sandy Loam
7.27,200.01,74.05,230.67,35.19,2.98,0.91,26.41,61.83,Alluvial Soil
6.02,129.71,40.53,153.32,52.16,3.62,1.6,22.12,79.81,Clayey Soil
5.11,49.77,14.43,66.3,20.0,0.5,0.35,29.83,83.37,Laterite Soil
8.72,62.68,37.23,124.5,14.22,0.84,3.35,26.94,40.23,Saline Soil
6.78,217.32,61.75,194.36,28.64,1.59,0.88,29.08,66.03,Alluvial Soil
7.93,85.93,41.27,136.91,16.4,0.62,3.17,25.8,24.17,Saline Soil
6.29,71.9,27.61,84.25,10.31,0.53,0.24,31.66,55.63,Sandy Loam
7.64,98.26,46.14,246.82,40.9,1.98,1.24,29.79,62.7,Black Soil
4.16,53.6,15.97,83.59,21.8,0.9,0.43,30.46,82.06,Laterite Soil
4.64,293.33,26.99,135.52,62.32,5.55,1.67,24.09,71.66,Peaty Soil
8.25,106.63,20.66,311.47,47.48,1.59,0.98,28.7,49.67,Black Soil
6.4,83.58,14.87,116.74,12.49,0.58,0.29,27.57,41.42,Sandy Loam
6.92,157.88,62.92,246.35,25.83,1.99,0.97,25.77,63.32,Alluvial Soil
8.88,64.25,26.34,118.32,22.41,0.68,3.7,31.37,35.15,Saline Soil
4.76,35.77,18.91,45.34,20.12,0.82,0.39,28.98,76.68,Laterite Soil
7.33,154.51,64.72,189.77,33.01,2.62,0.73,29.39,64.94,Alluvial Soil
8.01,116.47,30.68,265.6,48.95,1.84,1.02,32.12,61.98,Black Soil
5.06,49.08,24.57,63.86,25.02,0.68,0.31,30.16,78.8,Laterite Soil
4.03,201.79,33.09,119.48,57.99,5.69,1.53,18.41,81.32,Peaty Soil
5.52,60.79,12.91,57.62,16.05,1.09,0.17,32.18,80.36,Laterite Soil
6.57,86.54,12.5,84.37,12.62,0.82,0.3,32.98,44.76,Sandy Loam
7.82,87.68,37.19,250.32,38.51,2.41,0.82,30.89,44.84,Black Soil
5.81,65.37,13.27,113.04,13.83,1.12,0.55,27.69,62.26,Red Soil
8.43,88.24,34.05,195.55,17.88,0.55,3.84,32.19,49.69,Saline Soil
7.3,196.65,70.06,220.17,29.22,2.52,0.58,28.04,73.45,Alluvial Soil
6.62,52.38,30.29,107.15,9.75,0.93,0.31,31.69,50.05,Sandy Loam
7.13,120.02,29.89,204.88,44.34,2.47,1.1,27.37,57.47,Black Soil
8.12,124.49,45.43,250.91,38.41,0.85,1.03,27.62,50.88,Black Soil
3.7,251.46,29.14,84.55,56.6,6.81,1.83,21.34,77.51,Peaty Soil
7.41,173.71,57.83,237.67,39.83,3.29,0.76,23.67,62.19,Alluvial Soil
7.87,89.59,32.95,252.61,43.31,2.16,0.74,34.88,47.83,Black Soil
7.21,65.64,27.75,105.96,10.8,0.62,0.45,30.17,50.93,Sandy Loam
7.44,141.05,35.53,180.75,48.14,2.67,0.94,25.9,83.44,Clayey Soil
6.81,133.34,64.01,191.35,38.81,3.12,0.6,32.99,76.55,Alluvial Soil
5.3,42.1,18.87,61.43,18.56,0.93,0.43,27.07,81.13,Laterite Soil
8.98,61.48,32.5,201.86,16.72,0.71,3.49,34.02,47.28,Saline Soil
5.0,47.48,21.04,80.88,18.39,1.23,0.06,32.53,82.67,Laterite Soil
7.68,197.61,74.47,197.51,38.35,3.0,0.62,31.41,72.89,Alluvial Soil
4.83,246.91,33.01,97.34,61.19,6.45,1.14,24.36,91.39,Peaty Soil
6.42,73.61,23.34,118.12,21.47,1.38,0.54,29.62,40.37,Red Soil
7.61,134.31,47.13,219.68,42.94,1.86,0.9,32.47,56.49,Black Soil
7.6,163.16,68.35,169.94,41.65,2.21,0.8,28.72,70.9,Alluvial Soil
7.4,127.91,54.78,173.89,46.86,3.98,1.29,17.05,76.08,Clayey Soil
6.35,56.13,32.47,94.15,18.16,0.88,0.22,34.66,54.2,Sandy Loam
4.38,248.39,39.75,92.75,62.07,8.11,2.08,20.34,90.7,Peaty Soil
4.74,234.28,35.31,93.4,65.15,5.89,2.07,25.01,78.34,Peaty Soil
5.29,36.72,18.51,66.29,14.73,0.65,0.32,27.16,73.13,Laterite Soil
5.59,53.67,31.93,122.38,20.48,1.33,0.31,28.15,62.01,Red Soil
6.97,133.06,54.32,202.88,49.27,3.64,1.13,25.49,69.09,Clayey Soil
5.07,50.96,30.62,80.93,11.37,0.71,0.15,30.01,65.08,Laterite Soil
5.0,29.59,19.87,79.23,18.72,0.8,0.28,32.51,77.81,Laterite Soil
4.51,43.88,23.51,77.85,16.65,1.05,0.23,31.29,76.83,Laterite Soil
8.83,45.53,41.84,124.24,14.8,0.79,4.64,33.78,37.55,Saline Soil
5.56,73.38,32.41,103.42,23.58,0.89,0.2,27.89,48.54,Red Soil
5.65,53.19,22.72,110.71,14.44,1.11,0.65,30.08,45.51,Red Soil
6.98,142.14,49.4,149.2,46.79,2.72,1.25,22.18,54.66,Clayey Soil
7.32,180.16,59.76,191.71,31.6,2.61,0.71,32.1,71.93,Alluvial Soil
5.95,37.44,36.36,75.48,12.98,0.45,0.35,27.22,38.07,Sandy Loam
6.91,53.96,16.01,63.09,9.88,0.74,0.38,28.13,47.03,Sandy Loam
8.43,89.06,40.09,218.03,44.56,2.47,0.45,33.11,57.7,Black Soil
6.46,90.24,35.41,120.35,21.05,0.81,0.54,35.88,50.91,Red Soil
5.93,56.26,29.75,56.3,20.3,1.04,0.29,25.97,54.88,Red Soil
9.4,63.54,42.42,145.05,15.8,1.01,5.3,31.04,45.19,Saline Soil
7.18,31.34,32.73,84.19,16.31,0.72,0.3,32.83,48.47,Sandy Loam
6.41,122.76,48.45,166.66,51.96,2.87,1.09,17.85,76.33,Clayey Soil
6.48,65.4,20.46,58.36,14.28,1.05,0.25,37.09,35.98,Sandy Loam
8.26,77.69,30.57,169.92,16.92,1.14,4.01,31.51,48.89,Saline Soil
7.44,163.68,59.65,138.31,29.96,1.59,0.51,29.16,73.5,Alluvial Soil
6.18,49.75,20.68,123.72,18.56,0.78,0.21,34.25,40.09,Sandy Loam
6.86,125.94,61.82,159.23,45.61,2.94,1.06,27.48,73.68,Clayey Soil
7.85,89.12,32.62,198.97,48.32,1.68,1.01,24.46,56.45,Black Soil
6.65,240.29,83.2,213.06,32.32,2.69,0.61,26.77,69.8,Alluvial Soil
5.34,49.58,16.16,68.48,16.36,1.05,0.25,33.54,78.12,Laterite Soil
5.02,244.33,25.99,84.45,63.49,6.14,1.08,17.27,75.49,Peaty Soil
5.98,66.89,30.74,83.58,12.22,0.68,0.28,31.52,21.77,Sandy Loam
5.97,87.86,35.15,114.65,19.71,1.39,0.53,26.9,36.71,Red Soil
5.37,133.63,61.19,143.52,55.44,4.09,0.32,23.47,52.43,Clayey Soil
5.6,65.5,22.66,118.44,17.23,1.5,0.25,26.44,62.26,Red Soil
6.26,114.07,55.52,177.73,48.72,3.4,1.53,20.59,59.36,Clayey Soil
8.71,94.69,46.55,242.96,42.43,1.17,0.81,22.43,68.63,Black Soil
7.15,176.0,73.06,201.4,28.62,2.64,0.63,30.27,68.15,Alluvial Soil
6.3,61.12,30.23,49.14,12.69,0.9,0.24,36.99,53.32,Sandy Loam
6.17,59.79,32.3,121.21,24.08,1.2,0.8,25.59,33.46,Red Soil
7.35,164.12,50.72,176.27,31.17,2.5,0.42,29.64,76.92,Alluvial Soil
6.91,186.65,59.76,193.02,41.45,2.68,0.7,24.23,73.21,Alluvial Soil
8.52,99.91,35.44,122.81,11.78,0.94,4.65,36.24,29.29,Saline Soil
5.78,71.95,20.56,119.27,24.22,1.26,0.24,33.28,55.97,Red Soil
6.74,180.09,42.53,214.38,52.15,2.3,1.11,27.36,71.26,Clayey Soil
6.89,49.42,26.2,75.88,12.97,0.68,0.28,33.59,45.9,Sandy Loam
7.74,131.97,34.69,313.69,46.17,1.35,1.22,28.5,61.81,Black Soil
6.49,52.7,27.68,64.4,11.6,0.83,0.27,25.43,30.08,Sandy Loam
4.85,185.15,22.03,99.73,51.96,5.72,1.64,18.34,84.27,Peaty Soil
7.33,87.35,46.52,208.82,38.87,1.93,1.12,21.22,61.56,Black Soil
6.63,131.93,45.65,173.42,50.44,3.7,0.74,23.6,74.99,Clayey Soil
4.71,264.75,35.92,57.89,61.16,5.29,1.62,22.12,86.71,Peaty Soil
4.89,37.72,16.57,101.01,13.73,1.27,0.28,31.11,70.94,Laterite Soil
4.64,215.38,29.99,102.55,58.79,8.24,1.53,19.99,88.49,Peaty Soil
6.06,49.49,29.37,100.07,15.53,0.56,0.34,25.62,50.62,Sandy Loam
8.36,91.11,50.44,297.23,52.56,1.46,0.9,26.62,58.91,Black Soil
8.88,113.07,29.9,141.73,17.39,1.13,4.35,32.78,39.61,Saline Soil
5.57,52.16,11.28,59.65,14.36,0.72,0.29,27.5,87.56,Laterite Soil
4.01,225.43,31.85,91.95,62.96,7.36,1.3,21.0,83.29,Peaty Soil
6.69,197.71,67.93,178.08,26.24,3.24,0.85,26.15,80.93,Alluvial Soil
6.27,73.36,21.74,58.45,10.71,0.75,0.21,37.26,51.51,Sandy Loam
8.74,60.19,30.41,93.58,20.41,0.46,4.61,31.86,49.61,Saline Soil
6.64,27.5,23.85,74.19,16.35,0.97,0.26,36.34,39.47,Sandy Loam
4.16,244.24,27.73,91.51,63.31,7.62,1.41,22.96,78.8,Peaty Soil
7.91,113.67,45.01,291.73,41.03,1.95,0.97,23.72,62.65,Black Soil
8.63,85.54,42.29,216.46,47.12,1.2,0.84,23.63,56.08,Black Soil
8.09,105.69,42.93,183.91,15.49,0.64,4.26,31.66,32.13,Saline Soil
7.89,69.72,40.79,258.18,54.37,1.66,0.63,31.27,43.96,Black Soil
4.28,201.16,32.67,65.48,66.94,8.06,1.54,18.81,82.66,Peaty Soil
7.52,248.99,69.71,179.73,31.88,1.92,0.65,25.07,64.33,Alluvial Soil
6.92,180.01,72.21,151.68,21.67,2.52,0.57,24.72,66.97,Alluvial Soil
8.55,91.89,25.17,135.9,19.82,0.49,5.31,27.73,45.64,Saline Soil
4.71,60.76,5.0,94.0,20.32,1.18,0.28,24.82,80.8,Laterite Soil
7.33,214.98,76.1,196.79,29.09,3.15,0.81,29.63,72.45,Alluvial Soil
6.62,229.12,65.42,174.01,32.96,2.74,0.72,28.65,73.3,Alluvial Soil
6.7,172.66,45.24,166.22,53.23,2.81,1.05,24.39,74.35,Clayey Soil
6.36,62.69,20.05,66.69,13.18,0.47,0.28,31.99,48.82,Sandy Loam
7.2,183.31,45.11,214.99,49.36,2.89,1.22,26.51,80.84,Clayey Soil
6.74,45.97,20.1,76.87,11.81,0.93,0.15,33.25,31.66,Sandy Loam
7.39,106.02,57.2,169.71,54.72,3.11,0.95,24.49,86.37,Clayey Soil
7.56,107.66,30.23,184.07,42.85,2.19,0.91,26.14,55.35,Black Soil
6.08,182.64,42.58,136.0,50.98,2.82,1.14,26.41,81.46,Clayey Soil
7.9,100.53,58.32,228.0,47.39,1.7,0.78,25.66,51.17,Black Soil
4.03,204.63,35.26,91.47,62.52,7.7,1.35,21.6,84.93,Peaty Soil
6.58,139.5,50.04,206.43,46.61,3.03,0.67,29.29,72.15,Clayey Soil
6.54,135.95,57.06,144.8,48.31,3.71,1.38,21.82,64.0,Clayey Soil
6.96,150.33,56.41,165.55,42.62,2.85,1.51,24.65,71.58,Clayey Soil
3.95,231.82,27.29,96.68,66.72,6.68,0.81,20.77,91.56,Peaty Soil
7.17,91.94,39.61,226.0,45.43,2.01,0.92,22.94,58.89,Black Soil
8.74,72.35,28.19,149.46,12.98,1.16,5.34,34.63,38.81,Saline Soil
4.12,216.15,34.5,56.5,55.63,7.78,1.44,15.15,92.04,Peaty Soil
8.12,93.86,28.94,242.65,51.24,1.89,1.11,23.82,54.79,Black Soil
4.42,62.45,21.16,55.11,10.56,0.61,0.28,38.74,81.53,Laterite Soil
6.62,183.57,85.79,261.94,34.87,3.05,0.48,24.6,62.49,Alluvial Soil
6.46,32.7,27.71,107.0,12.42,0.63,0.27,31.26,41.69,Sandy Loam
6.18,62.95,24.69,103.16,16.59,0.64,0.3,31.88,23.82,Sandy Loam
8.61,92.67,39.9,88.44,12.35,0.53,3.59,30.32,46.99,Saline Soil
7.55,76.71,29.5,183.99,39.91,1.96,0.77,30.05,55.28,Black Soil
5.96,71.94,11.33,69.75,23.34,1.41,0.34,28.57,50.51,Red Soil
7.25,189.84,41.87,186.63,35.8,2.78,0.54,26.32,79.93,Alluvial Soil
8.88,119.09,25.04,142.44,18.82,0.76,4.32,30.44,34.15,Saline Soil
7.56,94.89,49.06,233.41,51.97,2.31,1.13,26.16,46.36,Black Soil
7.22,58.09,48.65,257.75,45.71,1.34,0.81,26.95,42.23,Black Soil
5.3,77.67,12.92,88.16,13.91,0.89,0.38,24.78,76.67,Laterite Soil
5.27,73.71,34.21,78.07,17.49,1.46,0.51,27.15,58.22,Red Soil
7.99,86.54,47.51,205.75,39.09,1.18,0.51,25.93,52.59,Black Soil
7.31,196.13,71.67,197.69,31.11,2.72,0.72,30.47,72.15,Alluvial Soil
7.29,103.9,45.45,225.67,51.03,1.45,1.18,28.62,52.31,Black Soil
5.51,65.5,19.54,79.67,19.25,0.97,0.3,31.0,85.78,Laterite Soil
7.54,62.03,27.46,110.2,17.08,0.74,0.27,32.66,35.47,Sandy Loam
6.74,129.22,62.56,156.93,51.8,3.7,1.29,27.1,75.58,Clayey Soil
6.48,62.59,29.99,131.18,25.43,1.08,0.42,30.23,38.23,Red Soil
4.9,27.52,15.75,81.51,22.05,0.56,0.38,29.06,80.36,Laterite Soil
4.82,30.57,12.42,76.17,16.21,0.9,0.26,27.83,70.35,Laterite Soil
8.35,63.56,31.9,155.34,18.18,0.99,4.59,24.18,28.48,Saline Soil
3.94,224.18,33.73,105.25,66.12,7.27,1.7,20.16,81.36,Peaty Soil
6.4,86.02,34.57,108.59,16.23,0.8,0.48,30.8,38.66,Red Soil
4.46,300.51,38.9,112.33,59.28,7.12,0.75,23.79,81.81,Peaty Soil
7.82,96.38,37.39,166.33,56.21,1.96,1.03,27.77,49.12,Black Soil
4.15,226.43,14.18,105.38,47.32,7.4,1.15,20.29,87.86,Peaty Soil
5.13,48.69,23.16,54.04,10.51,0.8,0.34,31.46,86.01,Laterite Soil
9.15,117.47,27.85,142.68,14.56,0.66,5.09,26.75,42.2,Saline Soil
4.55,200.7,31.35,77.18,50.0,6.65,2.14,17.12,85.66,Peaty Soil
6.44,46.71,32.99,101.72,10.01,0.66,0.29,29.05,48.17,Sandy Loam
5.89,102.6,59.36,155.75,54.1,3.47,1.11,23.66,67.51,Clayey Soil
5.67,175.35,67.95,144.61,50.91,3.46,0.91,17.86,72.42,Clayey Soil
4.61,40.36,15.65,70.19,16.94,0.9,0.3,28.83,63.86,Laterite Soil
6.35,59.0,25.89,74.2,21.71,1.09,0.36,28.78,49.53,Red Soil
6.45,38.96,22.8,62.53,14.08,0.53,0.3,35.04,54.72,Sandy Loam
6.88,110.62,45.4,200.56,52.3,2.27,0.7,24.57,80.47,Clayey Soil
4.47,197.99,22.34,97.87,57.51,7.64,1.45,19.76,87.33,Peaty Soil
6.09,74.24,18.05,74.08,15.98,0.66,0.15,37.84,37.76,Sandy Loam
4.14,255.56,21.79,86.57,64.06,7.62,2.03,19.73,89.31,Peaty Soil
8.38,107.51,44.55,205.42,41.77,2.4,1.11,27.84,51.66,Black Soil
5.79,34.52,24.27,62.76,12.21,0.91,0.28,27.67,67.07,Laterite Soil
6.79,162.74,54.01,170.05,31.7,2.44,0.85,31.71,63.94,Alluvial Soil
4.99,54.17,7.1,74.09,12.62,0.55,0.29,34.83,80.41,Laterite Soil
6.92,184.85,77.88,164.2,32.6,2.45,0.93,21.17,64.09,Alluvial Soil
7.6,104.96,41.69,184.18,48.1,1.67,1.13,28.01,58.16,Black Soil
7.07,142.05,60.72,221.71,34.59,3.05,0.76,26.52,63.38,Alluvial Soil
6.85,170.31,68.43,205.03,34.96,3.81,0.72,23.71,58.34,Alluvial Soil
7.18,190.92,69.85,232.07,27.18,3.14,0.93,20.27,70.24,Alluvial Soil
3.92,268.94,28.72,105.27,62.99,5.76,1.91,17.22,77.46,Peaty Soil
9.34,45.13,40.68,91.53,13.47,1.09,4.82,29.82,33.33,Saline Soil
5.07,58.26,33.36,100.89,22.75,0.64,0.55,27.39,48.1,Red Soil
6.58,143.45,43.51,204.27,40.47,2.93,1.02,14.05,63.53,Clayey Soil
6.18,62.63,23.61,71.1,21.07,1.08,0.53,29.76,46.87,Red Soil
8.31,16.01,31.04,146.05,15.56,1.19,4.63,34.12,23.21,Saline Soil
6.65,119.99,64.37,202.81,47.76,3.31,1.11,23.89,74.48,Clayey Soil
5.13,49.16,21.63,72.0,14.86,0.85,0.21,25.22,82.73,Laterite Soil
5.48,29.92,15.09,61.31,12.16,0.59,0.5,32.83,90.46,Laterite Soil
4.96,254.41,41.24,85.49,54.83,6.9,1.48,23.49,90.33,Peaty Soil
4.63,231.89,29.5,73.91,61.41,8.31,0.82,21.27,79.66,Peaty Soil
8.9,57.13,31.66,171.87,19.3,0.65,3.89,29.2,27.22,Saline Soil
7.88,99.38,39.35,287.48,45.0,1.99,1.18,24.89,67.47,Black Soil
7.67,96.52,42.12,256.79,44.66,1.17,0.86,31.18,52.62,Black Soil
6.07,55.53,30.09,78.65,15.82,0.54,0.21,23.8,52.5,Sandy Loam
5.89,64.49,30.01,84.39,19.64,0.84,0.34,21.48,59.38,Red Soil
8.29,103.4,54.12,258.28,45.51,2.81,1.13,30.29,44.79,Black Soil
4.69,40.9,13.1,72.78,22.6,0.85,0.26,26.42,81.59,Laterite Soil
6.13,63.52,36.91,84.27,18.26,1.93,0.33,24.36,54.24,Red Soil
5.84,53.71,28.21,95.92,26.64,0.88,0.28,21.32,47.74,Red Soil
6.95,69.48,29.29,104.55,14.29,0.62,0.23,28.86,37.81,Sandy Loam
5.25,50.01,22.13,63.08,15.56,0.68,0.25,33.45,70.32,Laterite Soil
4.44,173.83,30.67,96.71,46.6,8.55,1.71,23.52,78.59,Peaty Soil
7.83,168.75,63.53,162.33,53.1,2.61,1.27,24.96,74.18,Clayey Soil
8.56,71.43,37.09,133.39,19.6,0.54,4.06,26.38,34.88,Saline Soil
6.64,134.15,37.99,157.87,54.05,3.23,0.76,34.06,76.0,Clayey Soil
4.43,220.23,25.76,103.79,66.51,9.2,1.34,16.04,88.08,Peaty Soil
9.56,89.64,40.79,131.82,17.73,0.67,4.29,32.7,34.83,Saline Soil
5.67,52.3,21.31,51.02,22.68,1.18,0.14,28.88,81.22,Laterite Soil
7.39,111.74,52.2,143.3,51.76,3.26,1.14,21.2,62.85,Clayey Soil
7.93,102.2,43.81,203.95,46.23,1.47,0.97,26.08,75.32,Black Soil
6.5,38.72,23.67,74.67,13.53,0.78,0.38,34.32,36.23,Sandy Loam
5.57,75.39,10.84,44.23,17.64,0.47,0.3,33.25,87.71,Laterite Soil
4.74,258.53,22.46,104.46,61.38,5.8,1.79,18.35,71.64,Peaty Soil
6.63,89.67,34.05,116.73,20.12,0.74,0.68,26.61,53.64,Red Soil
5.73,47.86,40.64,96.07,20.63,1.4,0.87,24.77,51.82,Red Soil
6.16,52.36,22.9,66.46,10.2,1.03,0.3,27.0,48.53,Sandy Loam
6.81,114.29,44.09,162.94,47.47,3.1,1.11,25.41,81.12,Clayey Soil
7.87,93.43,46.93,273.24,45.7,2.64,0.99,26.61,42.11,Black Soil
6.43,65.68,29.05,113.47,21.74,1.09,0.51,26.48,59.9,Red Soil
7.34,171.15,58.12,198.06,38.97,2.18,0.53,27.08,68.36,Alluvial Soil
4.26,238.65,35.31,101.1,64.97,7.27,1.61,19.22,82.37,Peaty Soil
7.27,155.83,64.43,194.89,26.79,3.55,0.88,25.73,68.19,Alluvial Soil
6.78,49.96,18.21,83.07,11.64,0.37,0.27,30.95,52.15,Sandy Loam
7.26,150.1,70.34,230.9,29.26,2.73,0.75,23.75,72.54,Alluvial Soil
7.33,43.54,23.1,75.29,16.12,0.25,0.18,30.05,54.41,Sandy Loam
6.9,177.96,69.17,180.38,28.96,2.82,0.59,22.7,72.76,Alluvial Soil
6.25,107.59,43.56,164.44,48.81,4.18,1.19,30.47,77.03,Clayey Soil
6.84,33.88,24.17,102.62,11.7,0.43,0.27,30.25,34.73,Sandy Loam
6.05,145.42,42.82,132.75,45.93,3.6,1.49,24.14,75.59,Clayey Soil
8.7,81.66,38.38,170.15,20.18,0.81,3.4,30.92,28.96,Saline Soil
4.63,265.18,32.79,88.77,57.1,6.59,1.19,19.44,82.71,Peaty Soil
8.77,103.83,40.65,171.11,16.55,0.54,3.59,33.28,46.48,Saline Soil
8.31,85.98,33.53,114.37,18.29,0.63,3.08,29.84,30.81,Saline Soil
8.98,90.35,46.59,217.27,47.48,1.8,0.87,35.28,64.42,Black Soil
6.11,90.2,33.42,109.84,21.82,1.19,0.5,22.56,45.44,Red Soil
4.97,52.85,18.52,75.38,15.87,0.78,0.3,26.87,74.99,Laterite Soil
6.41,90.85,40.51,104.58,12.25,0.85,0.4,28.52,46.4,Red Soil
8.74,64.47,40.97,152.43,14.91,0.59,4.06,28.73,38.53,Saline Soil
7.99,93.91,52.15,243.01,42.27,2.3,0.91,30.11,51.18,Black Soil
5.67,67.27,29.97,103.99,23.22,1.18,0.67,23.68,46.96,Red Soil
7.97,163.91,76.13,196.71,33.21,3.56,0.83,28.38,75.51,Alluvial Soil
6.9,147.58,63.81,167.6,55.62,3.81,0.83,29.16,63.35,Clayey Soil
7.45,105.48,46.7,172.42,47.64,3.15,1.1,23.18,87.91,Clayey Soil
6.6,60.08,24.4,99.95,22.29,1.24,0.08,33.38,60.21,Red Soil
7.17,186.1,62.32,239.7,24.8,2.39,0.73,20.75,66.77,Alluvial Soil
4.43,263.07,42.55,85.17,61.35,6.23,1.24,20.91,77.51,Peaty Soil
6.09,43.48,48.95,148.41,23.75,0.87,0.44,27.44,58.74,Red Soil
8.39,119.57,41.29,195.33,14.52,0.84,3.47,35.38,46.09,Saline Soil
7.25,170.17,65.34,233.35,32.86,2.82,0.55,29.11,72.52,Alluvial Soil
6.98,227.6,84.51,261.56,31.28,2.95,0.52,31.67,59.83,Alluvial Soil
5.68,64.23,26.56,145.32,13.09,1.46,0.34,24.29,58.03,Red Soil
5.6,43.91,35.75,59.96,20.22,2.04,0.45,25.24,47.51,Red Soil
6.12,56.27,21.05,70.54,18.63,1.04,0.26,30.89,40.5,Sandy Loam
8.32,119.38,29.81,98.3,18.75,0.72,3.97,29.82,54.85,Saline Soil
6.94,206.5,72.4,215.51,25.85,3.41,0.79,25.21,69.0,Alluvial Soil
4.02,210.76,31.0,57.92,53.72,7.31,1.11,26.83,91.62,Peaty Soil
8.49,98.86,37.25,120.26,16.19,1.04,4.09,27.86,23.7,Saline Soil
6.77,56.98,27.38,82.4,18.61,0.66,0.44,31.98,40.29,Sandy Loam
6.32,103.4,57.57,213.6,47.22,4.13,1.16,19.33,65.51,Clayey Soil
6.47,202.08,64.07,189.59,46.37,2.95,0.64,25.01,76.04,Alluvial Soil
6.88,167.2,72.7,191.36,60.94,3.02,1.33,28.68,67.28,Clayey Soil
4.34,284.39,27.23,88.17,63.15,6.44,1.34,14.74,79.85,Peaty Soil
6.65,47.31,19.65,109.21,11.78,0.82,0.37,27.42,34.88,Sandy Loam
6.77,79.17,22.63,89.47,23.56,1.03,0.22,36.29,44.31,Red Soil
4.22,228.19,34.82,58.33,55.07,6.44,1.57,17.6,83.8,Peaty Soil
7.89,93.07,52.98,202.32,42.19,2.31,0.83,31.6,68.6,Black Soil
4.6,204.83,28.16,102.32,54.34,7.39,1.79,20.69,91.39,Peaty Soil
8.63,77.13,39.16,141.05,20.05,0.68,3.46,27.75,44.62,Saline Soil
4.29,213.95,38.29,91.04,58.07,6.08,1.84,18.48,87.5,Peaty Soil
5.93,67.71,16.77,64.24,16.84,0.43,0.12,33.12,39.57,Sandy Loam
5.62,75.15,32.36,124.11,18.01,0.81,0.39,30.41,60.63,Red Soil
8.85,41.17,28.11,114.57,12.95,0.84,4.98,33.38,35.96,Saline Soil
6.05,140.88,59.83,154.67,48.12,4.31,0.79,16.76,65.35,Clayey Soil
6.76,52.04,18.45,47.55,11.27,0.84,0.28,35.38,37.04,Sandy Loam
8.92,80.34,31.08,141.75,12.68,0.98,3.61,27.44,45.36,Saline Soil
6.42,102.66,62.42,125.09,50.37,3.27,1.13,24.13,75.04,Clayey Soil
6.45,61.19,8.88,85.3,8.38,0.43,0.19,26.12,37.61,Sandy Loam
5.07,65.67,14.43,70.81,10.32,1.28,0.21,31.98,77.34,Laterite Soil
7.03,163.77,80.86,237.59,29.3,1.87,0.9,24.1,73.53,Alluvial Soil
6.67,148.53,60.21,195.07,60.09,3.2,0.81,25.25,88.13,Clayey Soil
6.34,55.45,22.85,82.32,11.31,0.68,0.36,31.82,33.11,Sandy Loam
6.96,176.52,73.88,137.72,37.93,2.84,0.69,26.19,67.74,Alluvial Soil
7.63,151.87,66.51,176.38,47.93,3.05,1.18,21.81,65.69,Clayey Soil
3.98,216.2,35.6,89.37,59.56,6.55,1.23,20.78,79.38,Peaty Soil
8.21,44.0,31.11,156.99,16.36,1.28,5.02,28.28,27.23,Saline Soil
4.36,65.66,18.68,74.17,19.48,0.76,0.32,29.22,86.28,Laterite Soil
4.6,226.24,23.15,78.87,65.46,5.78,1.76,22.15,83.03,Peaty Soil
6.25,49.54,24.28,121.02,17.27,1.58,0.6,23.53,40.07,Red Soil
4.77,245.32,31.72,105.89,47.79,6.99,1.62,22.14,84.52,Peaty Soil
8.11,46.32,36.33,222.91,49.17,1.91,0.67,24.06,56.59,Black Soil
5.33,50.08,20.71,62.06,23.95,1.1,0.19,27.77,71.2,Laterite Soil
5.1,48.26,17.39,81.53,15.34,1.08,0.33,30.04,88.41,Laterite Soil
5.06,69.35,14.5,75.96,23.47,0.92,0.17,32.52,70.44,Laterite Soil
5.77,110.83,33.91,134.24,22.87,0.62,0.5,33.58,40.75,Red Soil
4.79,41.65,17.2,103.55,17.92,0.52,0.26,33.27,82.48,Laterite Soil
9.31,68.74,29.98,141.3,16.09,1.17,5.37,34.48,51.04,Saline Soil
7.1,57.92,24.78,121.33,10.17,0.86,0.35,34.09,52.33,Sandy Loam
6.56,155.11,58.96,174.79,52.03,2.85,0.58,20.11,71.07,Clayey Soil
6.42,152.09,79.83,190.32,29.53,2.88,0.83,30.41,78.14,Alluvial Soil
6.5,138.97,54.74,172.76,44.91,2.59,1.42,22.93,78.39,Clayey Soil
7.49,115.37,47.27,214.08,50.76,1.71,1.1,24.47,54.37,Clayey Soil
7.72,112.56,46.64,274.24,48.61,1.46,0.88,24.88,65.64,Black Soil
6.98,199.49,80.72,236.87,29.47,2.7,0.5,23.68,74.75,Alluvial Soil
7.17,152.37,55.9,177.05,53.81,3.56,1.14,29.29,64.16,Clayey Soil
6.01,54.0,30.41,78.3,17.88,0.75,0.25,35.37,45.56,Sandy Loam
6.31,65.0,26.07,83.06,23.15,0.91,0.19,28.09,56.34,Red Soil
7.17,172.63,25.94,172.78,43.67,4.87,1.03,26.61,73.74,Clayey Soil
4.95,53.13,21.96,65.85,16.26,1.26,0.38,33.37,83.12,Laterite Soil
6.74,165.58,74.06,210.03,27.6,2.85,0.86,20.66,71.8,Alluvial Soil
9.02,73.52,22.67,184.34,20.39,0.6,4.89,30.67,51.51,Saline Soil
6.25,70.53,19.39,111.02,12.59,0.74,0.43,27.53,42.55,Sandy Loam
7.83,108.12,45.16,251.96,44.64,1.41,0.73,30.84,55.16,Black Soil
7.05,189.76,63.76,202.96,29.38,1.58,0.73,31.48,74.48,Alluvial Soil
6.61,125.01,45.41,184.99,47.87,3.04,0.63,22.97,65.84,Clayey Soil
8.6,97.08,33.15,167.45,12.78,0.71,4.15,36.91,39.87,Saline Soil
8.45,57.1,31.02,160.26,15.98,1.0,5.28,27.27,26.69,Saline Soil
5.87,67.41,33.0,138.11,23.17,1.13,0.63,28.31,56.76,Red Soil
7.06,66.38,19.18,134.56,13.72,0.55,0.38,28.53,55.3,Sandy Loam
7.69,115.45,40.61,234.33,48.19,1.55,0.98,26.47,44.44,Black Soil
6.2,74.37,37.91,70.75,10.19,0.68,0.34,30.12,33.57,Sandy Loam
7.29,227.05,81.15,242.8,29.7,2.31,0.73,26.7,75.66,Alluvial Soil
6.95,96.45,50.63,184.09,51.22,3.02,1.05,22.11,69.22,Clayey Soil
4.45,265.26,20.03,99.67,54.82,7.52,1.66,22.71,85.36,Peaty Soil
7.48,55.23,26.74,74.99,10.77,0.53,0.13,36.18,24.16,Sandy Loam
6.71,67.79,23.4,129.23,21.3,1.15,0.35,22.97,50.01,Red Soil
8.57,113.42,56.79,253.69,51.84,1.61,0.82,17.04,64.49,Black Soil
4.49,262.34,34.46,101.49,59.05,7.96,1.49,20.63,74.52,Peaty Soil
5.48,76.06,13.39,61.89,14.34,0.96,0.31,30.54,83.26,Laterite Soil
7.5,101.3,33.94,277.2,57.69,1.56,1.06,25.09,63.33,Black Soil
6.37,30.22,37.56,93.77,23.61,1.32,0.34,32.01,44.72,Red Soil
3.98,257.59,35.86,84.21,56.97,7.45,1.53,15.71,87.68,Peaty Soil
5.31,43.48,17.04,53.57,15.52,1.09,0.3,29.85,77.24,Laterite Soil
6.39,44.76,24.73,81.3,14.51,0.9,0.34,32.55,26.27,Sandy Loam
6.43,66.9,22.18,64.81,13.35,0.49,0.26,36.14,39.84,Sandy Loam
7.32,193.72,61.94,191.24,33.48,2.84,0.42,25.7,62.04,Alluvial Soil
6.36,57.78,31.99,131.88,25.64,1.7,0.48,30.54,35.05,Red Soil
7.92,81.39,45.24,232.42,41.3,2.43,1.14,25.58,58.98,Black Soil
6.19,76.69,30.96,74.7,16.73,1.13,0.25,32.66,55.41,Red Soil
6.56,178.23,42.25,136.47,59.33,4.12,1.26,23.84,70.71,Clayey Soil
9.08,74.14,32.99,125.25,16.29,0.79,4.8,35.19,17.28,Saline Soil
6.54,170.2,39.31,153.3,49.3,3.39,1.08,18.78,71.0,Clayey Soil
7.83,68.05,54.27,229.37,43.56,2.54,0.7,23.5,46.23,Black Soil
4.2,184.77,27.44,108.62,64.56,9.0,2.19,17.91,82.75,Peaty Soil
5.45,57.72,24.38,89.35,9.12,0.69,0.21,27.09,47.74,Sandy Loam
4.55,212.76,37.91,99.47,58.78,6.17,1.89,22.12,80.84,Peaty Soil
7.64,129.03,42.44,266.91,42.96,2.05,1.01,20.44,71.12,Black Soil
8.18,84.48,35.26,232.25,40.12,2.63,0.84,31.33,56.68,Black Soil
6.61,197.82,62.12,183.76,35.2,3.02,0.7,30.56,60.43,Alluvial Soil
6.6,53.17,24.22,93.24,9.66,0.65,0.36,37.9,40.96,Sandy Loam
7.48,68.12,22.88,265.23,43.27,3.07,0.75,24.31,50.48,Black Soil
7.94,86.56,33.06,189.42,49.33,2.13,1.07,27.49,66.26,Black Soil
8.75,95.47,31.61,109.75,15.87,1.02,5.04,30.29,26.45,Saline Soil
6.72,99.5,27.73,137.49,16.99,1.42,0.58,32.78,47.87,Red Soil
6.05,130.81,34.29,152.41,55.08,3.7,1.16,24.6,59.86,Clayey Soil
6.72,74.67,26.19,99.85,11.06,0.56,0.37,37.05,32.82,Sandy Loam
5.59,64.65,15.83,69.07,18.25,0.86,0.31,32.67,76.88,Laterite Soil
4.62,64.91,21.64,76.05,24.33,0.78,0.41,31.53,71.34,Laterite Soil
7.01,151.53,73.7,181.61,57.52,3.44,1.57,32.39,77.98,Clayey Soil
8.77,95.83,36.23,338.85,39.41,1.91,0.99,33.38,57.88,Black Soil
4.66,36.75,20.17,71.44,12.61,0.97,0.18,31.42,79.55,Laterite Soil
6.43,139.76,44.3,183.59,55.27,4.83,1.43,24.85,69.35,Clayey Soil
4.77,40.76,19.6,53.95,21.98,0.72,0.29,26.99,77.92,Laterite Soil
7.18,89.29,50.47,246.72,55.74,2.31,0.82,28.11,54.62,Black Soil
7.27,129.64,59.91,193.48,53.75,4.4,0.93,22.29,75.59,Clayey Soil
7.1,49.78,25.75,109.29,28.27,0.7,0.69,32.38,51.55,Red Soil
4.3,228.45,26.99,100.54,58.52,5.75,1.69,14.12,87.28,Peaty Soil
6.67,150.72,59.93,228.57,52.69,2.77,1.36,30.53,71.58,Clayey Soil
7.69,51.97,38.29,271.97,48.69,2.07,0.89,22.88,59.12,Black Soil
4.57,211.86,36.05,72.87,62.6,7.98,1.95,20.47,73.31,Peaty Soil
5.32,39.67,17.64,72.5,16.57,1.43,0.24,34.01,75.45,Laterite Soil
7.23,125.51,54.16,172.91,55.58,3.94,1.32,16.63,82.96,Clayey Soil
7.72,230.15,89.74,231.25,36.61,3.1,0.87,24.57,62.27,Alluvial Soil
6.44,178.35,50.47,175.44,32.21,2.37,0.69,30.02,63.96,Alluvial Soil
8.46,107.66,46.8,245.79,39.09,1.71,1.12,23.8,34.75,Black Soil
7.91,77.45,47.81,240.68,34.4,2.21,0.95,32.81,46.24,Black Soil
7.15,119.92,53.44,149.67,55.95,3.48,0.87,24.28,67.63,Clayey Soil
7.09,128.31,63.93,155.87,35.01,2.98,0.61,24.7,60.59,Alluvial Soil
6.84,81.9,19.02,93.32,16.43,0.65,0.12,31.54,48.09,Sandy Loam
9.34,49.51,48.56,136.88,17.83,0.68,3.67,33.94,47.38,Saline Soil
6.06,50.93,19.93,131.29,22.52,1.42,0.49,30.04,33.33,Red Soil
6.99,197.94,83.03,197.22,39.33,2.11,0.49,26.31,70.69,Alluvial Soil
6.47,75.59,29.54,132.71,28.31,0.81,0.58,29.17,46.9,Red Soil
6.49,147.65,69.81,215.74,49.24,3.55,0.79,26.89,85.65,Clayey Soil
6.33,41.29,12.37,64.56,15.3,0.42,0.26,38.68,41.61,Sandy Loam
6.46,99.84,62.57,152.6,57.74,3.93,1.29,26.15,69.39,Clayey Soil
7.46,91.97,42.62,178.87,47.66,1.48,1.29,30.1,51.8,Black Soil
4.13,195.53,33.51,111.1,70.71,6.41,1.48,19.19,91.19,Peaty Soil
6.25,53.18,37.66,154.82,21.56,1.25,0.47,31.52,46.98,Red Soil
8.63,85.23,49.13,141.29,19.21,0.8,4.02,31.52,37.47,Saline Soil
7.54,181.61,52.07,173.54,35.06,2.43,0.78,26.66,63.44,Alluvial Soil
5.41,53.07,34.81,129.2,22.38,0.58,0.41,24.85,58.0,Red Soil
5.73,29.45,16.91,99.7,11.72,0.73,0.4,25.88,45.83,Sandy Loam
4.73,279.17,22.44,118.29,54.31,7.1,1.15,21.13,84.39,Peaty Soil
5.76,52.72,28.76,118.49,16.53,1.38,0.24,27.3,45.81,Red Soil
6.92,55.22,26.8,110.6,14.12,0.63,0.29,30.77,51.97,Sandy Loam
7.25,105.86,44.68,262.35,51.29,2.05,0.98,24.48,49.3,Black Soil
4.28,54.33,18.36,83.89,17.71,0.74,0.46,26.58,82.77,Laterite Soil
4.99,61.11,11.51,112.89,21.5,0.43,0.24,33.45,85.65,Laterite Soil
6.21,62.71,21.78,125.11,13.04,0.71,0.35,34.38,43.87,Sandy Loam
9.71,99.64,25.64,123.52,23.29,0.7,4.24,28.16,52.09,Saline Soil
6.77,66.75,54.47,162.48,47.28,3.59,1.44,22.33,66.91,Clayey Soil
4.76,70.93,16.93,58.95,17.24,0.52,0.41,28.91,81.44,Laterite Soil
4.35,181.94,33.37,59.66,53.15,7.9,2.01,22.62,86.52,Peaty Soil
6.84,73.79,28.7,99.27,15.09,0.67,0.27,35.58,39.01,Sandy Loam
5.97,60.45,38.8,78.76,21.44,1.07,0.55,29.1,33.06,Red Soil
6.66,186.16,70.98,229.2,39.11,2.29,0.63,22.1,66.36,Alluvial Soil
5.74,51.45,23.22,84.34,16.98,0.5,0.32,26.52,86.42,Laterite Soil
7.96,110.08,41.08,210.51,49.75,2.16,1.14,27.95,50.2,Black Soil
4.42,140.28,32.97,82.17,56.72,5.09,1.77,17.15,85.65,Peaty Soil
4.4,229.91,34.28,93.55,64.4,7.02,1.31,20.1,88.32,Peaty Soil
4.75,38.18,17.43,81.93,19.07,0.66,0.26,27.6,76.54,Laterite Soil
6.85,156.44,38.79,247.41,52.14,3.49,1.46,27.2,74.29,Clayey Soil
8.19,88.35,15.84,226.88,40.81,1.25,0.7,28.44,65.63,Black Soil
3.42,224.03,30.23,85.34,59.75,6.37,1.89,18.0,91.8,Peaty Soil
6.68,62.72,19.25,77.58,18.99,1.13,0.39,32.51,39.3,Sandy Loam
6.65,48.74,20.04,80.75,11.25,0.79,0.19,30.92,43.06,Sandy Loam
8.35,60.73,15.92,139.93,20.86,0.91,4.37,29.06,46.98,Saline Soil
5.66,53.83,17.9,105.34,13.74,0.57,0.44,31.14,76.42,Laterite Soil
6.47,89.24,28.55,81.23,19.69,1.11,0.23,34.78,49.21,Red Soil
6.09,52.29,19.94,156.45,17.73,1.0,0.41,27.9,53.28,Red Soil
4.19,232.57,31.62,95.62,58.35,6.25,1.29,20.37,91.28,Peaty Soil
8.04,90.77,33.96,267.92,36.63,2.16,0.73,33.01,56.29,Black Soil
8.19,57.3,28.07,150.67,9.15,0.85,4.68,24.81,29.19,Saline Soil
4.42,193.62,36.31,87.59,59.86,6.52,1.81,22.69,79.53,Peaty Soil
5.57,38.01,11.89,57.29,23.17,0.71,0.2,29.71,76.45,Laterite Soil
8.95,55.36,37.0,118.74,10.6,0.92,4.88,33.83,36.35,Saline Soil
6.25,89.49,32.67,94.29,25.48,1.01,0.3,28.85,60.22,Red Soil
4.72,35.38,19.98,64.92,13.0,1.09,0.41,35.67,79.22,Laterite Soil
7.37,109.99,56.0,152.98,50.23,3.97,1.2,16.88,66.68,Clayey Soil
7.03,117.59,55.6,164.3,53.36,2.97,1.0,28.11,66.11,Clayey Soil
6.49,82.15,19.91,125.95,26.8,1.67,0.79,26.07,72.01,Red Soil
8.14,92.45,52.5,258.58,35.11,1.69,0.84,29.92,34.0,Black Soil
6.57,169.37,61.39,182.6,52.74,3.59,1.45,28.28,84.01,Clayey Soil
5.06,59.72,26.36,79.02,20.79,0.93,0.38,29.61,84.99,Laterite Soil
8.1,50.03,53.72,140.03,16.81,0.6,4.57,35.84,40.7,Saline Soil
6.56,75.82,21.21,80.24,21.57,1.05,0.46,29.44,69.96,Red Soil
4.72,211.58,18.1,32.36,53.45,8.04,2.04,19.34,82.94,Peaty Soil
6.78,77.74,21.68,105.14,19.72,0.66,0.33,28.02,42.15,Sandy Loam
7.05,116.25,41.85,155.02,53.89,3.61,0.94,19.91,76.11,Clayey Soil
6.19,51.53,37.44,70.37,11.18,0.46,0.32,31.1,50.69,Sandy Loam
6.36,89.78,12.93,71.41,18.81,0.64,0.23,35.41,42.44,Sandy Loam
8.03,91.72,37.45,137.73,13.17,0.9,3.47,40.53,39.03,Saline Soil
6.68,164.41,87.97,189.28,32.98,3.24,0.82,27.03,70.55,Alluvial Soil
5.71,31.91,18.05,63.98,17.41,0.95,0.35,30.66,65.56,Laterite Soil
5.5,40.15,30.33,101.72,22.2,1.28,0.6,23.77,43.27,Red Soil
7.68,108.45,42.28,264.15,51.44,2.18,1.0,24.01,54.98,Black Soil
7.95,101.55,42.06,166.97,46.8,2.79,0.88,25.09,57.99,Black Soil
4.98,266.93,6.93,113.14,57.62,6.16,1.25,18.65,81.26,Peaty Soil
5.47,50.53,37.2,125.69,17.1,1.28,0.63,29.39,70.09,Red Soil
8.43,46.73,46.97,136.78,12.62,0.66,3.6,29.23,36.01,Saline Soil
8.09,110.22,46.63,223.86,49.78,1.34,1.16,23.22,57.29,Black Soil
5.88,28.37,25.18,108.63,14.46,0.76,0.39,31.88,41.02,Sandy Loam
7.19,173.79,79.41,199.21,23.15,2.24,0.72,27.58,67.6,Alluvial Soil
8.64,75.48,38.47,172.89,21.51,0.88,3.56,31.41,37.32,Saline Soil
8.5,59.77,26.24,126.7,14.22,0.5,3.65,34.64,52.84,Saline Soil
7.0,179.02,63.39,205.02,38.44,3.34,0.55,28.68,77.3,Alluvial Soil
4.07,229.17,34.62,127.26,59.58,7.71,1.04,27.54,88.33,Peaty Soil
6.23,84.52,23.49,57.29,10.15,0.66,0.29,38.77,33.69,Sandy Loam
4.08,241.08,31.87,86.3,53.17,7.34,1.85,21.84,79.11,Peaty Soil
4.46,59.04,12.59,69.58,23.63,0.5,0.18,31.81,85.47,Laterite Soil
6.41,69.42,6.03,84.49,15.72,0.83,0.23,29.24,37.07,Sandy Loam
7.23,151.76,55.27,191.63,52.43,3.99,1.3,22.74,80.72,Clayey Soil
6.71,145.51,57.48,220.87,36.29,3.06,0.86,28.31,63.51,Alluvial Soil
4.43,230.62,22.52,87.22,56.19,7.77,1.73,20.67,94.48,Peaty Soil
6.19,99.44,43.81,205.95,53.6,3.76,1.33,21.93,84.41,Clayey Soil
8.17,65.91,44.7,272.64,43.92,2.18,1.51,27.58,58.15,Black Soil
6.03,65.55,18.06,88.88,12.77,1.48,0.25,30.64,65.94,Laterite Soil
7.3,184.62,54.7,216.01,29.41,2.86,1.13,26.16,76.04,Alluvial Soil
5.27,51.45,21.31,66.26,13.55,1.03,0.4,27.65,83.34,Laterite Soil
6.88,66.48,26.26,99.07,12.31,0.58,0.34,24.85,24.86,Sandy Loam
8.44,85.04,39.71,213.61,47.91,2.35,0.6,29.64,52.79,Black Soil
7.07,143.76,53.94,164.88,32.93,2.83,0.64,27.12,64.17,Alluvial Soil
5.62,57.88,15.6,101.07,12.03,0.72,0.2,32.24,70.77,Laterite Soil
7.36,151.56,62.58,194.8,34.69,3.13,0.64,26.79,71.2,Alluvial Soil
6.52,71.04,24.25,54.27,16.67,0.29,0.25,35.57,39.15,Sandy Loam
8.41,89.78,27.54,115.79,12.43,0.76,3.32,30.3,46.13,Saline Soil
5.43,89.17,27.57,105.75,24.41,1.23,0.31,29.23,45.15,Red Soil
7.55,91.73,22.41,246.25,53.14,1.31,0.83,29.32,65.02,Black Soil
8.07,93.96,51.68,247.37,47.05,1.46,1.0,32.14,48.31,Black Soil
4.2,253.42,25.98,89.59,65.17,7.9,1.71,20.61,84.32,Peaty Soil
4.21,258.35,27.17,95.37,58.13,6.38,1.7,23.82,83.98,Peaty Soil
6.8,164.94,38.75,194.13,55.46,2.19,1.48,24.33,76.94,Clayey Soil
8.48,54.79,40.17,158.53,18.23,0.58,2.71,33.87,32.02,Saline Soil
4.4,232.13,36.54,102.93,54.07,4.83,1.54,15.21,79.55,Peaty Soil
7.64,79.98,21.61,227.72,44.86,2.19,0.67,21.92,58.61,Black Soil
6.35,56.68,28.28,98.18,15.73,0.6,0.32,35.16,41.16,Sandy Loam
6.0,64.66,20.43,87.5,16.45,1.03,0.33,31.74,39.28,Sandy Loam
6.87,66.9,29.74,70.42,11.24,0.65,0.17,29.37,44.02,Sandy Loam
7.59,131.22,66.72,140.46,35.42,2.75,0.81,23.48,76.96,Alluvial Soil
4.63,250.03,28.1,95.09,54.62,8.31,2.0,24.75,89.37,Peaty Soil
4.43,189.11,30.7,109.21,55.23,7.98,1.29,21.52,93.44,Peaty Soil
5.72,60.67,26.65,83.64,17.0,1.18,0.3,31.66,77.72,Laterite Soil
6.97,164.69,51.98,170.24,45.27,3.42,0.55,21.87,71.37,Alluvial Soil
3.96,240.67,35.81,88.1,64.44,8.78,1.72,20.8,90.37,Peaty Soil
4.53,239.46,25.63,58.71,55.39,7.05,1.44,22.38,83.72,Peaty Soil
6.81,42.62,20.57,107.61,13.9,0.44,0.22,33.45,49.96,Sandy Loam
4.82,67.59,23.46,83.36,16.93,0.63,0.25,35.64,73.92,Laterite Soil
7.56,159.48,76.56,207.38,35.7,3.75,0.71,23.86,61.77,Alluvial Soil
8.12,72.69,28.47,213.89,42.69,2.2,0.83,24.57,50.11,Black Soil
8.58,63.55,42.85,183.11,33.47,2.02,0.98,26.86,54.15,Black Soil
6.37,133.87,52.67,180.75,50.33,2.87,1.57,32.44,75.07,Clayey Soil
7.08,90.3,24.37,94.91,12.21,0.81,0.19,19.82,35.67,Sandy Loam
5.21,53.01,13.86,85.97,16.26,0.81,0.35,29.07,74.3,Laterite Soil
3.74,252.41,28.51,98.62,50.33,8.06,1.18,23.82,85.65,Peaty Soil
4.67,51.23,21.25,89.73,23.97,1.59,0.32,29.01,80.94,Laterite Soil
6.0,61.12,31.93,52.61,15.81,0.9,0.24,37.62,36.48,Sandy Loam
7.26,59.91,35.73,111.79,12.24,0.29,0.26,27.79,43.65,Sandy Loam
5.03,51.15,12.85,78.63,12.48,1.11,0.3,29.44,72.58,Laterite Soil
6.05,81.67,13.28,66.85,12.81,0.37,0.36,34.1,37.4,Sandy Loam
5.26,52.98,18.17,64.72,18.38,0.72,0.28,33.52,79.2,Laterite Soil
5.2,33.9,20.69,99.87,23.29,1.03,0.41,31.16,82.08,Laterite Soil
6.71,187.46,52.37,215.36,46.38,2.46,0.87,28.16,87.17,Clayey Soil
6.19,55.12,30.2,72.15,15.03,0.48,0.27,31.86,34.03,Sandy Loam
7.86,97.66,35.14,247.36,53.65,1.59,1.18,33.99,48.47,Black Soil
6.14,12.45,36.66,98.11,17.95,0.98,0.4,31.83,34.74,Red Soil
4.35,255.44,31.66,105.76,62.91,7.19,1.78,18.47,81.97,Peaty Soil
4.33,289.14,41.67,107.31,54.95,7.41,1.69,22.22,76.43,Peaty Soil
6.13,76.96,28.79,101.48,17.04,0.73,0.38,32.09,40.25,Sandy Loam
5.92,196.4,67.34,194.44,30.25,3.36,0.89,23.79,70.85,Alluvial Soil
8.29,85.52,37.29,213.25,50.38,1.62,1.08,26.47,39.19,Black Soil
7.32,148.67,50.79,193.2,47.39,3.27,1.1,19.67,70.85,Clayey Soil
6.96,119.94,54.59,154.4,50.67,4.01,1.38,20.51,66.07,Clayey Soil
7.64,161.44,59.18,231.93,39.58,3.08,0.62,33.45,64.28,Alluvial Soil
6.89,165.6,61.7,125.94,25.18,3.48,1.0,25.63,72.04,Alluvial Soil
7.31,60.72,19.1,88.4,16.13,0.76,0.47,27.5,44.02,Sandy Loam
7.45,65.43,40.73,171.38,18.06,0.78,5.18,30.69,47.77,Saline Soil
6.47,91.68,56.71,194.7,54.14,3.02,0.87,25.73,75.06,Clayey Soil
8.45,70.27,28.71,122.6,10.21,0.47,4.86,31.43,33.44,Saline Soil
5.01,58.26,20.74,63.71,15.54,1.01,0.24,31.18,78.8,Laterite Soil
4.72,31.51,11.89,88.83,17.38,0.7,0.24,31.26,76.44,Laterite Soil
7.52,194.59,63.45,212.4,28.82,3.23,1.0,30.25,62.89,Alluvial Soil
6.96,47.12,19.92,128.81,22.0,1.49,0.45,26.2,46.18,Red Soil
8.76,82.74,46.79,149.13,16.7,0.78,4.62,30.03,36.07,Saline Soil
8.16,82.64,47.41,166.54,20.92,0.63,4.09,27.82,31.84,Saline Soil
6.95,147.19,46.87,189.59,45.29,3.25,1.29,22.99,72.45,Clayey Soil
8.32,84.26,26.93,236.18,46.17,1.96,1.22,27.05,54.04,Black Soil
5.08,230.84,22.57,65.36,51.36,6.93,1.6,17.79,83.04,Peaty Soil
6.1,71.68,25.47,69.71,26.99,0.94,0.38,31.54,77.68,Laterite Soil
4.64,265.86,37.81,97.22,62.26,8.37,1.78,19.31,88.21,Peaty Soil
8.51,98.61,34.09,120.89,11.09,0.34,5.18,30.17,41.05,Saline Soil
6.54,34.22,24.04,70.14,17.39,0.16,0.43,25.16,48.51,Red Soil
5.21,32.6,13.17,62.01,16.18,0.51,0.32,26.77,80.32,Laterite Soil
6.19,74.16,30.24,106.96,19.57,2.05,0.56,31.07,46.02,Red Soil
8.58,71.52,32.89,137.62,17.79,0.51,4.22,32.98,41.57,Saline Soil
7.25,225.95,62.32,184.52,31.91,2.65,0.87,20.84,60.62,Alluvial Soil
6.62,105.51,25.36,81.6,19.45,1.1,0.52,27.25,61.22,Red Soil
7.13,192.9,46.25,179.13,35.57,2.17,0.79,21.75,71.27,Alluvial Soil
6.82,179.13,86.25,176.19,40.16,3.15,0.67,28.71,74.81,Alluvial Soil
4.86,27.97,15.79,56.82,19.31,0.69,0.39,35.81,82.42,Laterite Soil
6.97,85.44,32.38,100.48,10.69,0.58,0.29,27.84,46.62,Sandy Loam
8.38,86.26,33.23,150.06,19.2,0.59,4.65,32.13,56.19,Saline Soil
8.01,84.08,46.1,223.93,42.53,1.44,0.6,26.44,56.26,Black Soil
7.97,114.7,46.31,209.85,56.89,1.98,0.92,31.86,57.0,Black Soil
6.3,44.17,22.96,119.05,22.56,1.46,0.43,31.04,48.14,Red Soil
6.84,146.92,84.7,225.29,28.9,3.93,0.9,25.36,50.5,Alluvial Soil
7.23,171.68,63.88,179.12,25.18,2.96,1.01,26.56,69.58,Alluvial Soil
6.62,200.31,81.27,192.84,36.52,2.98,0.65,27.76,78.77,Alluvial Soil
6.62,75.13,18.91,54.54,21.57,1.04,0.33,23.04,41.75,Red Soil
6.53,70.4,33.17,105.12,16.64,0.68,0.34,31.4,32.33,Sandy Loam
6.79,149.08,47.7,157.84,58.62,3.74,1.36,28.29,77.94,Clayey Soil
6.85,186.33,74.84,193.99,34.05,2.54,0.72,25.78,62.77,Alluvial Soil
5.63,55.42,24.85,93.37,21.85,0.52,0.32,35.35,40.11,Red Soil
7.83,84.67,39.47,260.28,53.06,1.65,0.97,29.35,47.06,Black Soil
7.62,88.02,38.28,223.28,39.72,1.85,0.84,16.28,71.42,Black Soil
6.06,136.38,43.43,182.3,55.71,2.77,0.97,26.65,67.56,Clayey Soil
9.04,80.02,35.23,150.81,12.04,0.89,3.26,28.24,28.56,Saline Soil
4.8,220.35,30.89,75.03,48.13,7.91,2.07,20.45,88.64,Peaty Soil
5.54,53.54,19.97,62.1,16.89,0.81,0.18,25.94,74.1,Laterite Soil
7.46,120.93,52.88,213.57,41.26,2.81,0.64,25.86,77.62,Alluvial Soil
7.56,87.84,53.14,253.29,41.16,1.78,0.83,25.16,62.83,Black Soil
7.59,96.8,46.33,292.38,43.53,1.7,1.18,29.19,65.14,Black Soil
7.49,209.68,96.07,212.39,33.47,2.9,0.7,27.68,65.93,Alluvial Soil
6.7,59.6,12.76,124.53,16.86,0.42,0.26,29.51,50.63,Sandy Loam
4.61,225.25,23.77,75.74,60.27,7.65,1.43,23.13,93.7,Peaty Soil
7.17,212.94,52.92,229.2,37.93,2.74,0.43,24.37,77.08,Alluvial Soil
4.19,213.87,30.16,107.47,50.88,7.25,1.44,20.53,96.01,Peaty Soil
4.82,41.78,15.25,65.49,14.02,0.57,0.23,32.77,75.52,Laterite Soil
8.2,77.22,49.12,163.23,11.62,0.47,4.31,26.5,19.98,Saline Soil
6.72,58.23,28.65,90.15,18.55,0.63,0.37,34.17,47.88,Sandy Loam
4.77,60.37,23.62,88.48,21.46,0.97,0.35,25.48,41.92,Red Soil
6.22,50.15,24.95,129.31,22.34,1.27,0.5,35.68,50.01,Red Soil
5.34,47.22,16.29,56.54,17.2,0.1,0.25,30.75,81.66,Laterite Soil
5.2,58.36,19.96,58.45,20.78,0.96,0.21,28.65,82.48,Laterite Soil
8.48,52.0,27.32,169.08,16.97,1.11,3.98,30.55,34.33,Saline Soil
8.43,90.21,37.84,130.79,15.12,0.65,3.99,33.69,20.29,Saline Soil
8.28,79.17,45.14,235.62,50.23,1.85,0.87,30.16,62.01,Black Soil
7.12,174.28,45.21,172.48,52.19,3.56,0.79,24.39,63.3,Clayey Soil
6.81,126.33,48.29,164.23,55.89,3.31,1.36,26.05,78.29,Clayey Soil
8.24,97.27,37.71,194.34,41.53,1.24,0.95,23.21,52.88,Black Soil
4.93,237.89,34.1,87.26,59.51,7.64,1.25,22.29,88.83,Peaty Soil
6.5,67.68,15.31,109.57,21.39,1.45,0.64,26.9,54.81,Red Soil
6.77,57.17,17.23,108.5,16.33,0.61,0.3,35.71,48.77,Sandy Loam
5.71,68.1,21.63,125.29,19.57,0.71,0.5,24.05,40.88,Red Soil
6.42,78.0,16.77,83.31,14.62,0.44,0.35,32.64,29.13,Sandy Loam
6.52,90.96,30.81,73.89,11.77,0.82,0.21,35.07,44.67,Sandy Loam
4.59,229.76,16.26,100.7,58.51,5.99,1.05,26.12,91.77,Peaty Soil
7.56,136.51,60.65,161.41,26.17,3.38,0.68,27.71,67.67,Alluvial Soil
6.99,55.29,28.89,138.95,13.79,0.54,0.29,31.54,37.8,Sandy Loam
5.68,52.57,23.67,70.09,11.56,0.7,0.35,26.47,37.4,Sandy Loam
6.65,191.84,53.88,211.67,27.87,2.59,0.71,29.92,74.43,Alluvial Soil
4.17,190.22,27.23,75.74,59.95,7.33,1.69,20.79,83.56,Peaty Soil
6.44,86.1,31.49,67.27,20.41,0.75,0.43,33.22,50.59,Red Soil
8.8,64.51,27.05,153.6,16.14,0.93,4.61,30.94,33.11,Saline Soil
4.12,176.61,31.5,75.36,66.65,7.17,1.54,19.58,76.78,Peaty Soil
6.14,53.53,26.06,117.73,12.14,0.79,0.26,30.96,54.12,Sandy Loam
5.43,79.12,37.42,106.16,26.17,1.04,0.55,21.07,68.56,Red Soil
8.28,81.23,21.41,90.72,17.91,0.36,4.03,36.05,44.72,Saline Soil
3.95,194.57,39.7,89.08,56.11,5.5,1.55,16.29,82.97,Peaty Soil
8.44,157.23,49.33,191.73,51.4,3.92,1.19,24.32,73.15,Clayey Soil
8.03,88.01,32.69,145.43,9.35,0.68,5.04,37.64,44.47,Saline Soil
6.02,78.99,19.55,127.8,17.77,0.96,0.51,26.98,48.32,Red Soil
7.48,75.64,57.09,206.91,40.23,2.35,1.02,24.25,56.73,Black Soil
4.94,288.44,30.49,112.77,44.12,8.2,1.35,20.78,87.43,Peaty Soil
8.67,104.89,16.24,130.67,14.76,0.68,4.07,37.79,44.06,Saline Soil
7.88,107.81,70.02,268.28,41.76,1.73,0.86,20.82,52.36,Black Soil
6.92,73.32,22.03,75.7,12.85,0.91,0.26,30.83,38.59,Sandy Loam
6.24,39.45,29.9,85.22,14.09,0.84,0.25,24.73,42.56,Sandy Loam
6.97,188.56,83.65,220.62,33.87,3.03,0.76,28.45,50.29,Alluvial Soil
7.55,134.42,40.51,163.82,48.53,3.66,0.99,17.31,72.35,Clayey Soil
7.66,177.54,65.23,216.25,33.05,3.28,0.79,24.36,70.53,Alluvial Soil
7.09,152.87,53.38,208.32,56.19,3.04,1.0,20.92,78.13,Clayey Soil
5.83,51.2,30.77,107.42,26.98,1.0,0.35,32.9,55.86,Red Soil
7.02,42.76,30.5,76.09,9.9,0.94,0.36,31.39,42.27,Sandy Loam
6.96,171.27,61.14,257.3,33.72,3.02,0.9,27.34,66.19,Alluvial Soil
6.87,205.53,90.06,147.42,23.54,3.74,0.81,23.46,71.74,Alluvial Soil
5.13,55.68,17.85,83.39,17.32,0.92,0.18,28.94,73.6,Laterite Soil
8.53,71.57,25.32,235.63,46.08,1.99,0.86,27.2,57.94,Black Soil
6.39,131.17,60.58,191.89,47.84,4.0,1.05,28.24,66.26,Clayey Soil
6.13,58.99,18.99,83.87,16.42,0.77,0.45,35.51,43.63,Sandy Loam
6.51,94.65,28.94,80.62,11.22,0.47,0.3,28.45,55.39,Sandy Loam
8.92,104.31,25.21,150.07,17.67,0.81,3.33,36.3,39.09,Saline Soil
7.39,174.23,82.44,154.84,35.12,2.5,1.01,33.47,62.63,Alluvial Soil
6.87,106.91,46.44,182.93,54.13,4.13,1.12,19.14,81.93,Clayey Soil
7.9,257.75,72.28,189.5,34.41,3.24,0.7,32.78,69.61,Alluvial Soil
7.9,146.63,26.98,277.06,45.14,2.21,1.04,25.07,56.83,Black Soil
6.39,62.87,24.27,124.08,23.72,0.98,0.26,28.71,53.3,Red Soil
6.83,57.33,22.31,111.98,16.11,0.66,0.17,31.94,47.58,Sandy Loam
4.43,237.12,34.82,113.8,62.87,7.28,1.05,20.04,89.51,Peaty Soil
7.88,116.31,45.08,237.9,42.99,1.65,0.78,25.84,61.05,Black Soil
7.29,111.99,53.36,147.44,50.74,3.19,1.04,31.01,70.7,Clayey Soil
8.78,68.1,35.33,114.9,15.99,1.39,5.58,32.21,39.44,Saline Soil
7.58,95.13,28.69,222.93,38.82,2.18,1.09,21.08,65.67,Black Soil
7.47,124.3,55.29,164.35,45.82,2.76,0.92,27.8,72.89,Clayey Soil
8.36,70.09,44.32,181.18,11.53,0.97,4.81,38.21,41.47,Saline Soil
6.38,67.35,30.25,64.33,18.65,0.94,0.22,30.81,55.69,Sandy Loam
8.15,152.2,82.57,224.91,33.26,3.68,0.81,27.86,67.63,Alluvial Soil
6.96,120.4,52.56,215.42,58.47,3.95,1.35,26.45,82.69,Clayey Soil
4.3,226.43,14.53,75.72,59.55,6.32,1.94,16.82,88.72,Peaty Soil
7.25,207.27,89.15,225.71,33.12,3.32,0.77,26.58,65.54,Alluvial Soil
4.22,254.08,26.02,58.7,65.14,5.81,2.46,20.03,96.73,Peaty Soil
6.37,127.09,64.94,150.61,52.6,2.93,1.07,23.84,68.13,Clayey Soil
5.72,61.19,5.0,100.26,21.28,1.35,0.4,35.74,83.71,Laterite Soil
7.21,106.79,49.3,205.21,48.1,1.56,0.97,22.94,40.66,Black Soil
8.6,99.0,32.23,143.38,14.55,1.29,4.39,29.86,23.14,Saline Soil
6.6,131.68,31.85,184.83,53.26,3.28,1.47,19.16,69.52,Clayey Soil
4.6,192.52,30.19,85.96,55.42,6.93,1.87,20.12,84.06,Peaty Soil
7.62,196.83,63.34,158.27,31.06,2.37,0.66,28.56,79.69,Alluvial Soil
7.2,168.52,54.8,219.91,28.15,2.84,0.68,28.18,70.34,Alluvial Soil
6.7,67.06,22.11,97.87,8.3,0.52,0.27,25.58,28.01,Sandy Loam
5.76,65.5,39.03,108.95,18.24,0.84,0.49,24.43,45.9,Red Soil
5.97,76.47,27.21,108.77,19.57,1.5,0.36,26.69,66.03,Red Soil
6.12,31.86,20.71,112.19,14.24,0.43,0.35,35.67,42.83,Sandy Loam
6.17,166.31,45.87,161.53,58.96,2.73,0.97,21.31,86.14,Clayey Soil
5.81,61.75,25.79,115.9,23.72,1.08,0.45,30.04,43.61,Red Soil
8.38,72.67,25.64,163.98,15.83,0.68,3.37,27.36,55.42,Saline Soil
9.22,75.37,52.34,167.48,17.43,0.62,3.42,34.09,37.36,Saline Soil
6.42,40.0,32.14,81.94,15.0,0.77,0.24,29.67,52.68,Sandy Loam
7.49,210.9,66.06,200.92,29.22,2.64,0.84,30.71,67.02,Alluvial Soil
6.2,63.66,15.06,70.31,11.12,0.61,0.22,37.22,56.38,Sandy Loam
8.3,85.05,25.89,92.09,16.7,0.75,3.77,26.87,40.61,Saline Soil
4.59,226.22,31.52,101.49,55.93,5.69,1.7,25.07,86.65,Peaty Soil
8.23,53.87,45.93,86.43,20.38,1.02,4.57,27.54,23.76,Saline Soil
9.41,54.1,35.48,94.2,14.63,0.82,4.58,34.36,41.58,Saline Soil
8.74,126.96,39.87,174.2,16.14,0.58,3.54,32.73,36.1,Saline Soil
4.59,210.33,29.36,96.11,47.9,5.35,1.92,19.51,81.61,Peaty Soil
6.73,121.62,63.74,144.55,53.53,3.65,0.91,24.26,67.18,Clayey Soil
7.24,143.95,64.86,153.46,46.53,3.58,1.13,25.9,73.79,Clayey Soil
6.07,58.14,35.11,101.13,15.36,0.49,0.6,31.84,48.75,Red Soil
8.38,110.3,34.0,202.99,10.43,0.64,3.04,27.16,30.55,Saline Soil
7.72,98.2,45.6,244.59,45.61,1.42,1.24,35.23,41.54,Black Soil
4.39,21.88,14.93,71.83,23.05,1.07,0.32,28.33,71.75,Laterite Soil
4.73,234.64,24.94,98.82,60.53,7.41,1.9,17.41,82.2,Peaty Soil
6.58,152.31,46.41,186.72,48.55,4.5,1.24,21.83,69.58,Clayey Soil
7.2,160.28,61.23,183.78,46.53,4.42,1.6,23.18,71.22,Clayey Soil
6.88,154.79,41.45,205.49,24.96,2.85,0.71,28.88,65.89,Alluvial Soil
7.58,125.32,49.58,240.81,52.76,1.29,0.68,19.29,49.4,Black Soil
6.63,63.18,17.46,114.04,16.0,0.89,0.24,32.25,43.58,Sandy Loam
6.17,82.3,26.63,116.54,27.34,0.46,0.5,37.62,50.4,Red Soil
7.3,206.67,79.03,236.46,34.92,2.72,0.77,30.72,62.28,Alluvial Soil
8.76,89.58,25.62,172.1,23.48,0.93,4.08,30.73,36.12,Saline Soil
6.34,74.7,65.5,188.01,54.5,3.04,1.26,21.53,75.54,Clayey Soil
6.13,87.9,18.62,102.96,21.55,0.55,0.35,26.92,41.23,Red Soil
5.81,39.26,30.61,142.02,18.75,1.23,0.26,31.24,44.66,Red Soil
6.67,56.97,35.2,56.85,7.29,0.52,0.33,26.07,34.15,Sandy Loam
6.79,67.51,30.15,68.72,16.11,0.52,0.21,32.73,51.73,Sandy Loam
7.88,117.9,62.84,151.96,47.82,2.95,1.14,26.03,79.02,Clayey Soil
8.13,107.1,45.46,205.2,47.25,1.43,0.9,32.12,61.37,Black Soil
6.32,146.3,43.55,149.73,47.49,3.35,1.39,29.27,68.56,Clayey Soil
7.91,107.56,30.91,216.04,48.29,2.74,0.92,30.36,54.14,Black Soil
5.92,50.1,24.45,66.98,17.98,0.9,0.24,37.99,41.97,Sandy Loam
7.74,73.13,22.13,231.93,46.68,1.88,0.92,28.17,63.18,Black Soil
4.21,218.27,39.92,89.95,52.97,5.94,1.51,22.21,87.66,Peaty Soil
7.09,155.02,58.94,220.22,34.46,2.68,0.69,25.13,61.54,Alluvial Soil
5.54,62.99,14.7,72.31,19.34,0.51,0.43,30.96,79.85,Laterite Soil
6.08,133.2,49.59,149.27,52.1,3.14,1.17,24.43,66.83,Clayey Soil
6.2,71.53,30.14,112.04,25.72,1.14,0.28,35.69,51.15,Red Soil
6.47,111.16,34.58,196.88,50.36,3.25,1.11,27.55,72.65,Clayey Soil
3.87,223.41,33.21,94.88,55.34,6.27,1.25,20.32,80.29,Peaty Soil
5.3,55.29,17.62,92.49,21.9,0.95,0.3,32.97,80.04,Laterite Soil
7.11,46.23,18.29,79.09,13.2,0.91,0.3,32.88,44.2,Sandy Loam
7.64,59.59,41.81,250.27,47.25,1.77,0.97,34.06,58.05,Black Soil
5.35,44.94,24.36,84.41,16.03,0.86,0.23,30.45,74.4,Laterite Soil
7.17,179.62,71.95,198.59,27.62,3.4,0.73,26.4,61.47,Alluvial Soil
6.75,126.18,58.87,192.99,51.62,3.54,0.61,22.53,81.54,Clayey Soil
7.03,61.75,25.55,63.51,16.29,0.72,0.32,37.59,37.15,Sandy Loam
5.29,65.68,29.72,104.06,15.13,1.58,0.46,34.94,45.79,Red Soil
5.1,60.22,22.57,76.05,16.4,1.04,0.3,28.38,72.02,Laterite Soil
4.34,241.27,28.5,97.87,57.96,7.53,1.31,16.19,79.65,Peaty Soil
4.35,199.83,35.18,46.4,55.77,7.62,1.45,19.35,82.71,Peaty Soil
7.31,192.88,111.23,212.13,37.11,3.28,0.85,25.4,73.31,Alluvial Soil
8.02,121.55,63.79,191.41,51.93,2.88,0.96,22.19,60.61,Clayey Soil
6.95,159.02,52.46,136.01,41.25,2.25,0.72,25.53,70.15,Alluvial Soil
6.73,70.33,30.22,127.82,18.25,1.12,0.47,25.87,67.7,Red Soil
6.0,70.16,35.98,84.03,22.59,1.1,0.41,32.86,55.47,Red Soil
5.1,61.71,20.92,75.91,20.18,0.84,0.19,26.74,76.68,Laterite Soil
9.06,84.17,17.11,215.31,15.94,0.68,3.81,33.51,41.48,Saline Soil
7.17,89.23,56.79,252.62,41.68,1.89,0.95,29.89,44.07,Black Soil
4.72,215.92,38.51,75.06,61.12,5.63,1.96,24.13,87.58,Peaty Soil
6.02,41.29,26.68,77.69,13.04,0.59,0.39,35.8,32.1,Sandy Loam
6.96,60.38,26.14,90.14,31.25,1.17,0.35,32.78,54.54,Red Soil
8.27,65.46,29.02,99.64,17.09,0.95,4.8,30.95,30.7,Saline Soil
7.22,184.6,97.32,205.49,27.48,2.75,0.48,26.22,62.17,Alluvial Soil
8.44,115.2,37.86,259.02,46.02,2.39,1.15,22.4,59.7,Black Soil
7.16,131.03,43.76,161.21,48.31,2.84,0.75,24.24,69.73,Clayey Soil
5.1,52.22,16.76,84.12,16.13,1.1,0.28,29.74,78.14,Laterite Soil
7.07,168.71,67.34,172.25,26.91,3.11,0.84,23.68,74.27,Alluvial Soil
7.59,207.41,57.49,155.42,31.09,2.4,0.74,30.83,64.8,Alluvial Soil
8.09,106.56,26.75,275.23,43.15,1.76,1.48,29.21,51.91,Black Soil
7.03,141.28,59.11,186.45,30.85,2.68,0.74,28.18,74.12,Alluvial Soil
9.07,106.9,32.29,153.18,17.43,0.89,3.54,39.28,46.34,Saline Soil
5.92,46.48,17.55,87.97,17.5,0.81,0.51,27.58,46.47,Red Soil
5.15,49.64,19.61,76.86,19.83,0.77,0.3,27.32,75.92,Laterite Soil
6.22,58.24,24.7,134.67,27.08,1.56,0.54,28.54,20.45,Red Soil
8.35,92.21,36.3,67.29,21.74,0.9,3.62,31.89,27.66,Saline Soil
4.77,225.36,30.64,68.93,58.34,5.88,1.29,20.29,87.45,Peaty Soil
9.27,61.56,42.51,102.34,17.36,0.73,5.13,36.69,43.13,Saline Soil
7.52,74.56,33.21,163.74,15.79,0.91,3.39,33.04,46.1,Saline Soil
5.9,68.04,30.05,68.63,15.04,0.91,0.47,28.59,60.56,Red Soil
6.63,208.57,74.02,218.73,27.91,3.5,0.54,28.55,83.33,Alluvial Soil
5.7,27.25,31.81,155.19,21.56,0.68,0.37,27.76,39.35,Red Soil
6.51,66.61,38.06,94.51,16.99,1.08,0.44,32.43,41.41,Red Soil
7.67,81.81,51.86,254.89,38.28,1.68,1.03,31.35,49.57,Black Soil
8.32,74.88,32.7,136.9,18.64,0.69,3.91,26.6,47.22,Saline Soil
7.76,98.22,53.06,261.11,41.75,2.89,1.0,33.1,53.79,Black Soil
5.38,57.32,25.1,43.81,20.84,1.1,0.19,28.34,72.47,Laterite Soil
8.56,85.3,31.32,135.53,14.16,1.17,5.3,34.22,49.93,Saline Soil
5.51,53.79,17.76,79.02,19.13,0.47,0.27,35.85,73.71,Laterite Soil
5.97,73.81,24.72,88.87,11.2,0.39,0.35,30.68,49.26,Sandy Loam
5.1,55.11,13.1,109.17,17.32,0.77,0.27,29.07,73.26,Laterite Soil
7.45,100.27,43.31,218.51,46.7,2.54,1.09,23.44,54.11,Black Soil
4.98,46.52,20.11,99.42,21.19,1.22,0.22,31.95,79.01,Laterite Soil
5.31,78.52,24.79,56.78,13.78,0.85,0.32,35.12,31.07,Sandy Loam
4.87,56.15,19.45,75.7,21.76,0.68,0.25,30.96,73.84,Laterite Soil
7.8,121.15,55.76,237.16,40.96,1.07,0.66,22.5,66.03,Black Soil
7.03,161.38,56.9,190.66,28.43,2.65,0.47,27.25,68.01,Alluvial Soil
8.57,79.4,34.73,181.34,12.45,1.14,3.32,29.38,44.7,Saline Soil
7.09,219.12,33.56,219.66,32.39,2.65,0.76,19.54,66.46,Alluvial Soil
6.37,172.82,33.23,129.84,49.66,3.52,1.55,23.35,69.44,Clayey Soil
7.19,152.57,57.93,169.88,29.26,2.53,0.67,29.42,60.27,Alluvial Soil
7.42,123.96,49.45,278.18,43.69,1.84,0.66,25.9,58.95,Black Soil
7.16,144.15,50.18,163.82,57.6,3.11,1.29,22.78,88.55,Clayey Soil
6.67,141.86,56.7,193.63,33.1,2.68,0.8,22.12,78.11,Alluvial Soil
5.74,52.6,10.92,80.84,19.36,0.7,0.35,26.0,84.44,Laterite Soil
6.69,70.29,34.4,89.22,13.68,0.49,0.31,33.3,40.46,Sandy Loam
7.02,178.21,64.55,216.83,32.23,3.17,0.74,26.78,54.01,Alluvial Soil
8.6,103.35,35.03,160.13,13.29,0.61,4.47,39.57,50.87,Saline Soil
3.88,196.1,32.66,98.1,65.59,6.81,0.98,20.79,77.37,Peaty Soil
6.81,37.95,22.53,112.15,17.47,0.8,0.32,37.45,57.34,Sandy Loam
9.01,76.15,27.72,101.6,12.96,0.38,4.24,35.59,26.65,Saline Soil
7.73,149.36,47.43,201.73,36.71,3.64,0.68,30.28,67.73,Alluvial Soil
5.05,60.73,19.67,56.03,17.36,1.02,0.34,31.79,84.07,Laterite Soil
6.6,142.85,48.47,170.77,48.72,4.07,1.51,23.53,63.6,Clayey Soil
6.45,64.57,18.39,81.62,14.88,0.59,0.37,24.15,50.98,Sandy Loam
3.92,211.34,25.11,70.02,59.96,7.26,1.44,27.31,75.39,Peaty Soil
4.57,217.62,32.22,93.71,57.8,6.81,1.62,21.89,85.33,Peaty Soil
6.88,175.53,65.45,186.28,54.27,3.77,1.05,23.81,67.23,Clayey Soil
6.68,55.71,22.16,73.89,15.46,0.8,0.28,24.79,45.23,Sandy Loam
7.43,79.5,54.39,275.7,44.18,2.24,1.02,34.0,55.6,Black Soil
5.04,60.21,21.79,84.68,17.52,0.5,0.33,32.58,62.47,Laterite Soil
6.78,57.6,25.02,68.79,12.61,0.56,0.27,27.69,29.73,Sandy Loam
8.09,99.02,31.21,277.95,47.05,1.98,0.95,25.93,56.74,Black Soil
4.94,35.32,5.61,58.38,22.39,0.75,0.29,32.97,89.74,Laterite Soil
6.84,83.62,23.05,158.62,22.24,0.85,0.65,37.4,47.72,Red Soil
6.04,83.19,35.55,85.85,20.28,0.58,0.31,36.51,38.33,Sandy Loam
4.95,38.88,15.33,50.77,20.42,0.83,0.16,28.5,80.19,Laterite Soil
7.1,138.87,58.28,162.72,48.81,3.05,1.66,24.79,59.12,Clayey Soil
6.85,175.8,59.33,135.62,35.37,2.26,0.79,33.76,61.56,Alluvial Soil
6.52,48.05,19.99,165.62,16.35,0.8,0.24,37.09,50.8,Sandy Loam
4.54,152.35,30.12,75.08,65.29,9.45,1.47,16.33,85.64,Peaty Soil
6.16,70.98,33.69,91.44,14.37,1.15,0.48,35.16,37.2,Red Soil
4.27,277.13,34.48,91.55,57.36,7.68,1.39,16.15,85.4,Peaty Soil
5.64,42.78,21.55,77.6,12.78,0.62,0.29,34.34,81.01,Laterite Soil
8.73,85.34,29.57,82.62,20.73,0.69,3.36,33.1,39.84,Saline Soil
3.76,198.85,22.43,54.59,54.26,7.42,1.39,20.5,75.53,Peaty Soil
3.94,249.36,23.11,90.15,57.61,5.34,1.32,28.12,86.31,Peaty Soil
7.2,192.49,70.66,197.28,35.34,3.04,0.56,29.54,74.21,Alluvial Soil
6.58,171.61,85.03,187.21,25.24,2.68,0.71,17.06,67.62,Alluvial Soil
6.59,123.78,74.78,215.48,54.24,4.08,0.59,21.24,70.48,Clayey Soil
5.23,31.43,19.02,78.09,24.37,0.46,0.25,33.47,80.18,Laterite Soil
8.14,121.4,32.0,238.75,43.34,1.27,1.02,38.05,40.28,Black Soil
7.35,109.75,45.82,206.2,43.31,1.71,0.65,24.73,45.93,Black Soil
6.74,139.84,27.17,218.12,53.37,2.89,1.52,17.72,64.78,Clayey Soil
6.78,140.38,59.24,220.27,50.18,2.89,0.86,24.69,77.6,Clayey Soil
7.56,70.65,27.75,254.45,44.93,2.05,1.09,29.06,60.26,Black Soil
6.77,40.67,19.16,109.58,12.93,0.86,0.27,26.44,39.57,Sandy Loam
8.29,71.8,41.56,113.62,20.97,0.46,5.95,38.9,39.27,Saline Soil
4.22,182.76,22.17,104.37,56.41,6.2,1.11,16.34,81.13,Peaty Soil
4.03,260.71,22.13,100.95,57.58,6.3,1.56,24.74,78.44,Peaty Soil
7.05,163.91,34.84,156.95,47.63,4.13,1.05,26.96,78.02,Clayey Soil
6.73,162.39,51.92,189.18,49.92,3.52,0.95,28.26,67.75,Clayey Soil
6.69,211.64,54.61,224.08,33.92,2.48,1.02,22.32,74.43,Alluvial Soil
5.83,43.52,40.19,81.63,21.22,1.37,0.5,29.27,33.54,Red Soil
8.0,112.24,34.88,241.19,39.17,2.18,1.05,29.98,55.01,Black Soil
6.27,132.49,51.36,193.08,54.16,3.15,1.12,22.88,67.14,Clayey Soil
6.49,42.0,23.79,123.08,12.07,0.69,0.34,31.68,44.34,Sandy Loam
7.87,130.51,29.53,257.7,53.45,2.81,0.87,29.97,59.56,Black Soil
6.57,110.19,52.69,149.56,46.94,2.97,1.77,24.48,76.71,Clayey Soil
3.92,260.76,33.5,106.75,63.03,6.35,1.14,21.35,86.23,Peaty Soil
6.47,52.04,22.28,132.96,18.75,0.67,0.24,30.99,43.95,Sandy Loam
7.65,71.88,50.8,166.3,51.77,2.45,0.89,17.59,52.11,Black Soil
6.5,199.0,65.99,151.27,30.61,2.42,0.8,31.19,54.87,Alluvial Soil
5.03,54.99,14.87,78.68,21.22,0.67,0.36,31.16,84.8,Laterite Soil
7.8,117.21,34.75,246.6,42.72,1.8,0.65,27.12,53.45,Black Soil
7.33,103.64,32.5,268.8,41.19,2.18,1.17,31.45,57.01,Black Soil
8.83,80.91,26.62,93.15,14.25,0.72,5.14,31.6,36.23,Saline Soil
7.62,94.87,40.06,226.98,42.36,2.03,1.28,28.56,62.97,Black Soil
4.64,41.82,23.76,67.25,19.0,0.58,0.33,29.63,84.8,Laterite Soil
6.4,212.61,45.05,225.98,37.07,2.25,0.69,22.63,66.5,Alluvial Soil
7.12,119.65,32.23,283.94,50.73,1.54,0.72,29.4,48.25,Black Soil
4.55,219.25,29.09,81.78,61.74,7.01,1.68,21.98,88.15,Peaty Soil
6.19,89.65,27.48,105.94,23.25,1.13,0.4,31.46,42.45,Red Soil
6.03,59.42,21.58,97.39,15.36,0.85,0.19,32.18,36.18,Sandy Loam
7.94,78.89,31.91,109.32,16.93,0.57,3.66,31.19,32.83,Saline Soil
5.41,31.07,13.75,48.79,17.59,1.15,0.26,29.47,83.67,Laterite Soil
6.8,164.71,48.12,167.3,25.92,2.31,0.91,23.18,86.43,Alluvial Soil
8.88,107.07,46.8,136.75,12.84,0.68,3.31,31.13,34.93,Saline Soil
6.81,51.97,35.93,87.12,10.09,0.6,0.2,37.18,36.72,Sandy Loam
7.35,158.57,52.15,209.47,30.99,3.16,0.82,26.25,62.07,Alluvial Soil
5.42,48.83,21.89,65.49,17.02,0.52,0.32,31.98,85.67,Laterite Soil
5.0,57.0,21.7,85.72,19.53,0.8,0.34,28.14,72.51,Laterite Soil
5.58,163.93,57.22,163.03,54.7,2.81,1.17,26.78,50.79,Clayey Soil
4.67,213.66,34.3,73.26,64.88,6.08,1.72,20.94,79.41,Peaty Soil
8.9,93.61,35.68,112.04,14.64,0.93,5.2,30.69,35.75,Saline Soil
6.23,72.45,38.23,131.37,16.08,0.74,0.52,29.26,44.13,Red Soil
4.0,218.24,26.3,101.74,58.83,7.48,1.42,25.62,84.62,Peaty Soil
6.46,84.64,28.06,78.86,24.72,1.02,0.28,34.64,65.84,Red Soil
4.62,55.37,20.72,57.49,18.01,0.77,0.32,27.64,86.14,Laterite Soil
6.33,45.43,27.5,82.42,9.54,1.05,0.26,28.91,43.28,Sandy Loam
8.57,80.83,25.55,143.15,21.02,0.66,3.27,31.39,31.57,Saline Soil
6.14,74.81,21.08,125.91,21.32,0.59,0.34,27.58,47.38,Red Soil
6.28,141.85,44.11,181.05,52.82,3.57,1.57,23.87,79.68,Clayey Soil
8.57,79.28,26.76,121.0,15.38,0.81,4.91,32.37,50.17,Saline Soil
4.81,45.68,28.16,60.4,17.52,0.75,0.28,30.01,79.82,Laterite Soil
6.68,84.12,5.94,97.41,13.05,0.5,0.34,37.68,48.2,Sandy Loam
5.8,67.81,15.65,66.95,14.95,0.69,0.2,32.29,68.54,Laterite Soil
4.16,204.15,15.28,92.79,51.51,6.65,1.42,20.88,84.18,Peaty Soil
8.24,98.74,44.77,201.66,41.6,2.62,0.8,34.62,53.06,Black Soil
6.13,138.12,71.42,197.6,49.54,3.52,1.15,21.38,73.44,Clayey Soil
6.82,144.79,46.32,213.18,26.24,3.68,0.44,32.44,69.48,Alluvial Soil
4.03,252.36,30.4,93.33,61.25,6.12,2.51,25.5,82.08,Peaty Soil
5.84,61.89,17.39,86.63,17.09,1.06,0.11,27.94,84.37,Laterite Soil
6.52,64.21,29.27,87.21,22.66,0.87,0.43,32.84,54.72,Red Soil
8.38,92.5,35.02,115.78,19.67,1.12,4.03,32.44,24.42,Saline Soil
4.42,257.9,31.62,116.29,47.61,6.63,2.18,24.37,92.29,Peaty Soil
4.69,237.76,20.58,122.33,48.66,7.28,1.79,17.78,84.79,Peaty Soil
7.69,93.61,45.83,254.64,37.12,2.33,1.0,33.54,58.55,Black Soil
8.71,105.74,41.04,102.81,15.32,0.55,4.63,35.69,38.91,Saline Soil
6.86,69.95,22.91,95.75,16.0,0.94,0.35,30.77,31.53,Sandy Loam
5.95,49.82,26.03,121.12,23.01,0.53,0.43,24.24,55.66,Red Soil
8.14,79.25,32.36,167.0,12.56,0.97,5.22,32.0,38.55,Saline Soil
8.02,90.26,40.59,197.64,53.96,2.25,1.14,26.78,41.17,Black Soil
9.02,89.5,43.06,100.18,16.19,0.96,5.33,25.81,34.84,Saline Soil
6.98,186.03,51.19,206.59,31.08,3.68,0.99,24.87,66.94,Alluvial Soil
7.75,149.14,57.89,194.21,33.26,2.4,0.81,24.84,67.9,Alluvial Soil
6.03,61.86,26.89,75.37,18.23,0.5,0.3,34.06,41.38,Sandy Loam
4.33,238.6,21.08,129.8,53.57,6.57,1.63,21.18,81.39,Peaty Soil
4.06,245.78,25.76,84.25,63.03,7.36,1.61,22.01,85.07,Peaty Soil
5.69,59.11,22.16,84.4,23.04,0.58,0.19,30.98,63.95,Laterite Soil
5.89,85.45,25.34,101.09,25.3,1.58,0.53,27.01,43.66,Red Soil
7.02,139.16,65.47,179.33,44.9,2.06,0.97,21.81,81.07,Clayey Soil
6.37,67.29,26.42,117.37,11.11,0.66,0.23,24.02,49.08,Sandy Loam
6.03,165.35,51.18,160.83,52.89,3.78,0.92,21.14,78.87,Clayey Soil
6.72,198.95,45.95,213.61,51.71,2.41,1.27,25.1,66.12,Clayey Soil
6.93,192.83,61.89,217.16,34.77,2.33,0.91,24.62,73.66,Alluvial Soil
6.14,143.64,65.74,162.97,46.38,3.32,0.94,26.08,72.89,Clayey Soil
7.35,78.07,36.95,168.73,46.24,1.8,0.62,29.62,60.73,Black Soil
6.45,83.71,21.09,145.55,17.33,1.16,0.45,28.84,59.38,Red Soil
9.01,51.93,26.26,152.78,23.5,1.02,4.01,22.32,38.73,Saline Soil
7.68,148.59,74.76,186.63,30.74,3.2,0.8,28.5,74.78,Alluvial Soil
5.68,53.86,20.14,155.0,23.02,1.19,0.32,31.87,47.01,Red Soil
4.51,67.42,13.26,95.05,18.18,1.14,0.39,32.29,81.31,Laterite Soil
7.22,146.75,30.67,144.33,52.82,3.48,1.09,25.29,74.09,Clayey Soil
7.67,84.67,46.83,276.19,43.96,2.26,0.97,27.5,53.31,Black Soil
7.11,77.15,26.93,141.13,28.0,1.06,0.49,25.75,46.75,Red Soil
7.61,114.66,37.07,193.24,49.62,2.42,1.47,23.2,60.59,Black Soil
6.48,170.94,56.42,125.27,48.41,2.33,1.44,23.91,57.29,Clayey Soil
4.39,261.13,29.66,72.34,63.85,8.27,1.24,18.38,85.22,Peaty Soil
6.22,72.31,18.89,63.0,14.27,0.62,0.19,33.18,45.72,Sandy Loam
7.61,114.75,49.8,222.59,48.88,1.3,0.99,29.81,68.66,Black Soil
9.28,119.75,40.2,169.04,16.8,0.83,3.0,31.7,30.07,Saline Soil
6.76,85.47,18.14,119.79,24.23,1.37,0.32,27.0,56.45,Red Soil
8.17,82.78,39.14,212.66,44.7,2.54,1.11,31.45,43.67,Black Soil
8.86,80.56,24.51,169.65,23.19,0.87,5.03,39.22,30.53,Saline Soil
5.95,127.15,82.41,145.8,57.51,3.05,1.28,26.29,82.47,Clayey Soil
9.13,113.91,38.28,115.93,14.95,0.74,4.4,32.09,40.53,Saline Soil
4.57,214.31,24.6,89.84,49.62,6.93,0.95,24.86,88.76,Peaty Soil
7.11,179.19,57.67,185.95,56.18,4.43,1.45,25.54,80.78,Clayey Soil
4.16,235.12,26.72,74.13,55.49,8.09,1.55,17.52,76.69,Peaty Soil
6.95,144.86,65.19,222.07,27.92,3.56,0.83,30.11,63.4,Alluvial Soil
7.38,78.47,53.9,234.08,46.4,2.2,1.09,29.12,53.33,Black Soil
4.32,275.51,28.74,60.23,54.84,6.23,2.35,26.5,89.02,Peaty Soil
6.77,111.47,60.71,188.59,48.76,3.82,1.24,19.52,67.6,Clayey Soil
5.07,43.81,15.6,75.48,18.89,0.74,0.28,35.03,87.0,Laterite Soil
8.95,96.78,45.31,168.47,16.76,0.65,3.91,28.49,38.04,Saline Soil
8.31,73.83,46.39,281.37,48.4,1.82,0.84,32.14,43.62,Black Soil
7.64,106.74,54.85,225.32,49.78,1.13,1.08,24.78,57.46,Black Soil
5.04,64.34,15.6,79.3,19.23,0.84,0.27,32.18,71.98,Laterite Soil
8.68,90.15,38.17,183.76,14.34,0.91,5.01,36.86,17.67,Saline Soil
9.33,61.85,30.82,124.57,16.26,1.05,5.54,30.4,41.4,Saline Soil
5.24,56.09,23.5,52.2,15.09,0.91,0.24,41.13,81.35,Laterite Soil
7.32,155.79,66.26,154.98,29.29,2.96,0.51,28.04,67.86,Alluvial Soil
7.14,165.8,52.17,189.92,55.45,3.72,1.07,24.6,69.59,Clayey Soil
7.37,146.81,46.36,148.54,49.53,3.13,0.94,17.9,82.55,Clayey Soil
7.63,51.25,31.16,161.14,8.5,1.1,4.33,37.44,30.03,Saline Soil
4.31,234.94,33.32,61.42,58.82,6.39,1.78,19.28,81.67,Peaty Soil
6.36,55.92,26.82,106.43,12.71,0.77,0.32,34.19,42.31,Sandy Loam
4.13,261.05,30.0,96.8,55.16,6.82,0.79,24.04,94.94,Peaty Soil
8.16,72.06,51.44,257.07,42.33,1.84,1.27,30.93,55.07,Black Soil
7.07,80.45,24.86,64.14,10.55,0.27,0.2,30.79,37.52,Sandy Loam
9.11,108.85,32.13,131.0,15.5,0.76,5.27,36.66,42.85,Saline Soil
4.77,227.69,50.54,81.89,58.46,7.29,1.21,22.58,85.19,Peaty Soil
8.05,110.19,45.53,255.88,38.09,1.92,1.05,30.92,49.46,Black Soil
7.87,87.51,33.49,261.29,39.41,2.21,0.75,24.99,43.27,Black Soil
7.53,167.07,81.91,263.97,30.37,2.58,0.97,32.03,64.34,Alluvial Soil
6.45,46.43,22.38,140.74,9.11,0.57,0.18,31.02,32.38,Sandy Loam
8.38,60.02,25.06,189.61,12.68,0.74,3.47,26.21,35.37,Saline Soil
5.72,43.68,15.83,88.05,12.82,0.55,0.39,27.48,66.18,Laterite Soil
6.29,78.8,20.07,96.33,13.34,0.32,0.36,18.92,26.13,Sandy Loam
8.62,77.23,27.71,143.3,16.77,0.84,4.34,31.07,37.49,Saline Soil
6.15,80.02,25.21,108.24,18.82,0.45,0.37,24.58,33.62,Sandy Loam
7.52,87.74,42.76,271.86,45.08,1.42,0.96,28.45,56.49,Black Soil
9.2,61.08,48.39,138.7,20.88,0.75,4.45,31.86,33.21,Saline Soil
6.41,217.37,65.5,208.29,36.28,2.29,0.82,25.56,73.93,Alluvial Soil
4.94,49.09,16.36,52.49,16.59,0.83,0.4,37.61,86.68,Laterite Soil
9.2,50.48,36.53,141.33,14.9,0.83,4.34,33.83,39.25,Saline Soil
6.91,53.98,25.89,61.44,16.26,0.51,0.33,25.67,50.25,Sandy Loam
4.66,32.12,18.73,93.58,17.85,0.47,0.37,36.06,73.8,Laterite Soil
8.59,73.74,57.27,174.4,16.16,0.73,4.91,36.0,11.8,Saline Soil
4.42,261.92,27.1,50.38,56.11,5.34,1.75,16.48,79.56,Peaty Soil
4.38,225.06,22.25,73.57,67.93,5.91,1.25,19.39,78.41,Peaty Soil
3.98,240.79,35.94,70.87,54.99,6.08,1.87,21.29,83.24,Peaty Soil
8.54,82.84,32.44,184.08,12.61,1.07,4.5,34.49,35.04,Saline Soil
7.2,88.01,39.25,262.18,42.51,2.57,0.57,33.24,53.21,Black Soil
5.18,66.69,18.67,73.65,24.67,1.26,0.5,33.0,43.92,Red Soil
4.9,50.66,20.21,88.65,17.53,0.37,0.26,31.13,85.95,Laterite Soil
4.97,51.36,16.79,76.96,23.0,0.82,0.21,30.52,74.98,Laterite Soil
4.42,171.86,26.09,96.75,48.79,4.49,0.78,25.48,84.58,Peaty Soil
6.83,204.38,63.24,170.24,30.55,3.01,0.67,23.62,69.71,Alluvial Soil
6.56,72.81,28.37,127.16,19.57,1.57,0.36,32.0,60.19,Red Soil
4.3,253.68,23.51,63.4,59.19,5.48,1.71,20.48,87.72,Peaty Soil
6.15,62.51,32.68,151.12,18.13,0.6,0.21,28.93,42.36,Red Soil
7.3,141.45,47.35,165.48,43.62,3.29,1.32,25.19,85.4,Clayey Soil
6.86,115.85,54.61,165.89,42.94,2.76,1.35,30.8,76.75,Clayey Soil
6.21,26.1,24.85,101.82,16.35,0.49,0.19,30.59,48.63,Sandy Loam
7.69,201.44,63.08,194.43,27.49,2.79,0.71,27.63,62.21,Alluvial Soil
6.33,118.23,42.83,167.22,50.99,2.83,1.22,31.92,70.21,Clayey Soil
7.33,174.34,53.49,183.83,36.9,3.74,0.98,24.79,60.16,Alluvial Soil
5.76,58.59,25.24,118.41,16.01,0.98,0.45,25.32,63.27,Red Soil
4.41,231.53,34.76,72.85,60.22,5.97,2.07,23.1,81.21,Peaty Soil
4.6,237.98,32.3,102.52,60.37,6.83,2.44,17.65,81.77,Peaty Soil
4.2,237.57,27.09,84.48,60.39,6.41,1.64,16.94,80.42,Peaty Soil
8.24,100.38,35.04,306.46,46.44,1.49,1.12,29.59,58.16,Black Soil
6.63,159.65,41.42,179.77,47.97,3.09,0.24,31.32,78.13,Clayey Soil
5.37,81.23,20.39,60.32,17.22,0.86,0.27,33.71,79.41,Laterite Soil
7.52,91.84,45.59,252.61,48.52,2.02,0.85,25.94,45.41,Black Soil
8.19,69.91,35.57,151.91,14.4,0.92,4.64,36.56,37.27,Saline Soil
6.76,128.4,67.43,139.23,52.06,3.72,0.75,20.78,72.89,Clayey Soil
5.37,71.24,25.1,143.04,26.36,1.34,0.41,37.04,34.8,Red Soil
6.33,134.39,67.12,225.2,52.6,4.0,1.16,20.37,85.08,Clayey Soil
7.02,45.62,24.1,110.72,25.32,1.22,0.49,25.22,38.17,Red Soil
7.43,201.51,58.0,189.99,33.27,2.68,0.99,28.22,73.14,Alluvial Soil
3.69,224.89,33.24,105.6,59.66,8.39,1.61,25.44,81.44,Peaty Soil
7.73,162.44,57.35,195.74,50.22,3.1,0.96,23.56,70.83,Clayey Soil
8.21,63.96,37.9,130.3,18.89,1.1,4.45,32.41,22.87,Saline Soil
6.86,182.16,63.13,230.03,33.14,2.97,0.69,24.79,64.97,Alluvial Soil
6.14,63.36,28.05,130.8,18.9,0.54,0.7,25.71,39.0,Red Soil
7.02,63.69,21.63,90.01,16.61,0.73,0.41,35.06,46.19,Sandy Loam
4.11,230.12,33.63,96.19,60.65,6.12,2.15,20.47,84.35,Peaty Soil
6.89,85.41,33.66,107.37,26.75,1.03,0.45,30.15,53.97,Red Soil
8.41,91.25,24.66,133.42,17.21,0.9,3.64,30.24,51.15,Saline Soil
7.26,148.99,22.64,137.18,41.5,3.51,1.21,24.99,66.81,Clayey Soil
7.04,143.59,37.32,181.48,46.72,3.96,0.98,23.44,84.29,Clayey Soil
5.9,48.83,16.51,63.93,18.26,0.5,0.29,35.49,74.03,Laterite Soil
7.22,256.97,78.43,191.16,27.7,2.0,0.78,23.85,58.04,Alluvial Soil
6.37,74.49,17.49,84.9,15.84,0.83,0.31,28.85,49.17,Sandy Loam
8.1,93.19,41.48,254.37,44.84,2.46,1.12,31.49,47.27,Black Soil
6.84,60.56,27.78,110.74,12.57,0.75,0.32,32.62,55.41,Red Soil
7.12,131.49,60.9,233.18,50.28,3.88,0.96,23.61,74.22,Clayey Soil
6.43,71.16,31.23,83.03,17.79,0.93,0.34,28.33,37.11,Sandy Loam
6.93,62.04,27.07,91.58,13.16,0.5,0.27,34.64,38.47,Sandy Loam
4.87,34.08,14.98,78.51,20.86,0.89,0.33,29.99,81.23,Laterite Soil
4.24,219.72,13.91,95.66,51.71,7.37,1.57,21.82,88.85,Peaty Soil
4.77,41.71,18.59,62.15,18.37,0.8,0.29,28.85,73.85,Laterite Soil
9.01,120.77,45.13,122.73,16.45,0.67,5.72,36.42,36.3,Saline Soil
7.52,147.75,45.39,189.98,54.72,3.42,1.22,21.91,67.81,Clayey Soil
5.51,63.57,34.75,138.6,24.65,0.56,0.58,22.51,55.63,Red Soil
4.13,227.09,21.01,78.12,63.76,6.89,1.91,25.91,84.03,Peaty Soil
7.31,113.43,68.35,192.54,51.66,3.31,1.27,29.32,74.76,Clayey Soil
4.3,270.2,27.39,55.86,72.26,6.51,2.06,25.71,90.2,Peaty Soil
4.98,61.2,18.32,86.25,12.29,0.1,0.32,26.73,76.62,Laterite Soil
7.36,116.16,62.38,222.65,55.67,3.87,1.19,22.16,79.71,Clayey Soil
5.13,79.28,19.51,65.22,15.59,0.73,0.47,29.8,83.89,Laterite Soil
6.21,45.61,26.87,96.32,12.97,0.9,0.26,29.23,47.28,Sandy Loam
7.63,134.77,47.27,126.58,53.62,3.49,0.77,25.59,70.26,Clayey Soil
6.85,52.72,25.13,57.85,11.42,0.79,0.46,22.2,40.39,Sandy Loam
6.43,121.83,65.71,170.45,54.71,4.31,0.56,28.48,74.42,Clayey Soil
6.68,156.89,50.05,170.85,49.73,3.29,1.49,24.32,75.01,Clayey Soil
8.15,127.47,47.65,148.13,58.13,3.18,0.97,26.47,63.65,Clayey Soil
5.56,64.69,22.75,83.38,18.82,0.73,0.22,32.09,70.37,Laterite Soil
5.79,75.77,33.59,134.66,26.96,1.08,0.59,28.2,55.67,Red Soil
6.89,151.1,55.86,167.24,52.23,2.56,1.0,24.18,68.48,Clayey Soil
8.57,72.99,42.64,194.73,42.52,1.53,1.2,26.42,63.55,Black Soil
7.76,81.7,27.36,310.79,52.26,1.59,1.0,29.67,64.53,Black Soil
6.32,90.75,36.86,125.62,23.43,1.61,0.49,31.96,45.27,Red Soil
6.41,63.33,28.97,109.01,17.48,1.07,0.43,28.87,48.27,Red Soil
7.83,100.43,43.58,175.47,41.55,1.87,1.06,19.22,53.7,Black Soil
6.92,168.01,68.56,208.9,32.89,2.96,1.0,30.25,69.33,Alluvial Soil
6.74,180.7,64.89,227.58,34.14,2.79,0.87,31.37,71.9,Alluvial Soil
5.4,63.53,21.5,81.02,10.96,0.62,0.38,28.63,49.72,Sandy Loam
6.62,45.1,22.93,110.24,14.7,0.67,0.3,28.87,57.97,Sandy Loam
5.13,47.09,22.81,59.23,15.79,0.6,0.31,27.74,73.55,Laterite Soil
6.74,144.69,82.59,188.23,32.3,2.09,0.67,26.89,59.94,Alluvial Soil
8.26,59.81,38.68,247.48,41.41,2.59,0.82,27.83,59.45,Black Soil
8.79,72.87,39.6,126.21,20.53,0.97,4.42,31.15,45.67,Saline Soil
6.82,172.79,55.59,247.05,28.14,2.52,0.78,22.29,65.23,Alluvial Soil
4.44,59.11,12.44,99.95,18.33,0.54,0.21,32.04,75.46,Laterite Soil
6.85,67.6,26.3,111.24,20.53,1.04,0.59,30.07,54.06,Red Soil
6.8,174.24,53.91,221.71,36.66,1.88,0.61,21.26,63.45,Alluvial Soil
8.29,84.85,34.65,242.74,50.31,1.96,0.63,24.79,54.41,Black Soil
8.86,122.57,14.2,110.4,6.88,0.73,4.94,32.42,50.53,Saline Soil
6.46,223.74,81.58,156.23,35.1,2.55,0.79,27.53,66.36,Alluvial Soil
7.69,97.51,42.66,273.91,50.84,2.1,0.88,30.97,54.26,Black Soil
4.43,213.52,36.48,45.58,57.67,5.21,1.28,23.07,77.99,Peaty Soil
7.27,180.48,57.3,209.64,40.12,2.7,0.86,21.97,61.3,Alluvial Soil
5.98,84.11,32.92,93.13,12.87,0.61,0.33,37.88,37.44,Sandy Loam
7.63,98.66,37.88,246.5,53.55,2.14,1.05,26.28,43.13,Black Soil
6.62,56.32,32.84,40.25,16.64,0.79,0.31,16.49,52.27,Sandy Loam
6.84,119.08,53.05,166.38,60.03,3.7,0.69,19.57,74.41,Clayey Soil
5.99,149.89,65.3,217.2,53.59,3.7,0.62,31.35,69.68,Clayey Soil
9.18,95.32,40.27,99.95,15.09,0.52,4.06,29.23,34.6,Saline Soil
4.48,198.29,36.96,113.82,52.71,6.53,1.95,21.5,77.33,Peaty Soil
6.86,157.48,50.92,156.63,54.23,3.35,1.57,28.31,81.2,Clayey Soil
6.45,149.57,30.39,157.81,60.62,3.66,1.19,30.95,56.48,Clayey Soil
7.05,217.78,47.59,194.64,26.36,2.98,0.88,25.03,49.77,Alluvial Soil
8.71,91.73,41.04,274.85,54.52,1.24,0.59,25.51,59.66,Black Soil
8.22,86.06,31.62,249.37,41.88,1.69,1.22,31.31,56.26,Black Soil
4.7,45.05,10.73,90.55,19.0,0.64,0.27,36.03,77.53,Laterite Soil
5.72,59.96,21.15,149.57,23.1,0.82,0.58,30.26,50.19,Red Soil
7.34,166.06,60.04,167.2,31.86,2.38,0.84,20.25,65.48,Alluvial Soil
5.47,68.74,43.78,105.55,20.3,0.67,0.56,33.12,54.71,Red Soil
5.55,32.97,19.12,86.79,20.67,0.69,0.53,27.17,70.96,Laterite Soil
4.64,219.22,31.06,90.2,57.93,6.2,1.17,20.49,82.84,Peaty Soil
7.72,160.42,61.14,219.41,26.46,2.91,0.95,20.87,69.29,Alluvial Soil
6.44,142.79,59.53,136.6,60.87,3.59,1.27,23.66,74.14,Clayey Soil
6.69,71.62,21.65,131.08,23.52,0.79,0.5,33.29,58.05,Red Soil
4.09,208.14,16.73,112.55,58.57,5.78,2.11,19.4,86.38,Peaty Soil
5.54,64.26,23.76,99.29,24.59,1.31,0.45,27.43,36.53,Red Soil
7.3,140.0,34.62,161.04,51.04,3.85,0.63,24.14,77.85,Clayey Soil
8.89,88.47,33.71,146.56,17.39,0.9,3.06,27.69,47.97,Saline Soil
9.03,64.68,38.65,153.5,21.08,0.74,2.88,34.59,57.24,Saline Soil
7.77,99.17,47.82,232.45,41.64,2.25,1.09,24.33,65.84,Black Soil
3.98,248.66,27.39,60.65,58.77,6.05,1.05,19.15,79.35,Peaty Soil
7.93,153.31,65.29,237.37,31.64,3.03,0.59,28.0,66.69,Alluvial Soil
6.67,74.17,22.07,110.98,15.81,1.42,0.46,22.78,45.44,Red Soil
7.25,121.87,59.94,148.19,48.91,3.85,1.37,26.09,66.13,Clayey Soil
5.03,38.7,8.53,72.44,19.64,1.12,0.12,27.62,74.23,Laterite Soil
8.53,65.44,26.26,168.92,18.89,0.7,4.77,20.14,49.95,Saline Soil
6.87,50.54,21.08,72.96,12.57,0.91,0.32,25.75,37.2,Sandy Loam
5.7,44.73,12.3,35.67,15.07,0.82,0.43,33.02,79.98,Laterite Soil
7.23,150.52,79.25,181.06,32.91,2.94,0.71,28.55,64.68,Alluvial Soil
7.71,88.81,38.63,205.7,36.21,1.63,0.99,22.61,55.13,Black Soil
7.12,155.43,59.23,166.15,53.53,2.75,1.47,14.26,73.35,Clayey Soil
5.27,47.76,15.6,81.22,17.56,0.58,0.52,29.54,63.59,Laterite Soil
8.14,53.81,27.74,154.73,17.66,0.88,3.08,32.0,28.77,Saline Soil
6.94,44.05,22.16,107.39,14.42,0.71,0.2,26.11,49.53,Sandy Loam
8.29,95.23,40.39,236.15,52.46,1.6,1.21,28.84,53.72,Black Soil
3.62,229.65,28.16,67.34,60.39,8.34,0.66,19.9,78.15,Peaty Soil
6.01,72.77,30.33,122.32,21.9,0.74,0.34,27.42,45.6,Red Soil
7.02,44.41,23.61,109.1,20.44,1.4,0.32,30.49,43.09,Red Soil
8.53,107.71,39.82,204.08,52.15,1.51,1.28,26.86,67.72,Black Soil
3.78,268.76,26.87,121.1,59.02,8.62,1.81,17.2,81.62,Peaty Soil
6.66,79.55,11.54,99.35,9.19,0.87,0.24,25.39,47.56,Sandy Loam
7.62,88.75,48.94,203.12,48.14,1.22,0.84,26.68,68.4,Black Soil
5.79,82.3,21.34,125.31,19.04,0.79,0.48,19.34,33.12,Red Soil
5.9,74.41,22.59,108.72,15.25,1.29,0.66,40.11,48.77,Red Soil
8.58,93.9,35.26,254.59,51.84,1.89,1.21,32.33,46.39,Black Soil
6.49,21.62,26.33,81.43,8.38,0.35,0.35,27.42,34.74,Sandy Loam
7.03,176.75,65.53,190.59,36.34,3.91,0.67,21.71,67.38,Alluvial Soil
7.85,115.31,34.12,211.8,51.05,1.88,1.23,25.31,54.56,Black Soil
7.29,141.32,77.99,180.87,31.58,3.46,0.56,21.61,63.91,Alluvial Soil
6.35,75.72,27.94,84.97,12.33,0.58,0.29,26.01,39.22,Sandy Loam
8.54,68.99,33.96,145.46,13.13,0.89,3.92,28.63,34.84,Saline Soil
4.9,56.31,19.22,55.91,17.13,0.76,0.16,28.06,72.99,Laterite Soil
4.69,220.85,38.52,80.27,52.53,6.08,1.34,18.98,81.85,Peaty Soil
4.26,266.66,35.09,57.46,64.57,7.2,1.06,21.67,90.69,Peaty Soil
5.23,69.94,16.87,95.38,17.57,1.34,0.46,24.61,55.48,Red Soil
6.32,54.89,29.18,62.45,22.83,1.3,0.54,28.0,50.63,Red Soil
4.45,210.78,32.94,96.48,63.92,7.2,2.47,21.17,84.45,Peaty Soil
6.49,173.78,64.99,185.35,60.78,4.74,1.11,21.17,60.02,Clayey Soil
4.05,247.98,24.82,95.1,59.37,8.93,1.71,19.07,76.97,Peaty Soil
4.42,206.7,22.51,109.9,54.89,6.71,1.28,19.26,84.3,Peaty Soil
8.03,46.24,36.92,169.65,15.75,1.17,3.39,27.17,32.02,Saline Soil
4.76,59.82,22.61,88.62,13.89,0.73,0.37,31.12,71.02,Laterite Soil
8.03,137.28,35.56,225.42,45.68,2.06,1.0,33.14,35.59,Black Soil
4.81,49.33,17.61,78.31,18.05,0.82,0.24,33.82,78.5,Laterite Soil
6.64,133.07,48.46,188.06,50.48,4.24,0.95,24.59,68.18,Clayey Soil
3.76,252.74,21.26,88.65,58.8,6.82,2.01,21.34,87.35,Peaty Soil
8.77,81.87,29.72,145.11,13.71,0.58,3.95,31.52,38.32,Saline Soil
5.22,60.3,11.69,44.42,16.51,1.3,0.46,36.49,76.75,Laterite Soil
7.5,114.95,45.46,139.39,45.48,4.35,1.29,24.49,69.08,Clayey Soil
6.87,185.61,73.58,133.5,37.22,2.63,0.81,30.69,58.4,Alluvial Soil
8.97,70.03,36.57,148.3,14.05,0.77,4.95,32.75,40.04,Saline Soil
8.02,51.81,39.59,169.53,18.52,0.99,5.13,23.49,42.05,Saline Soil
8.39,106.77,33.12,111.47,18.28,0.9,3.73,29.9,34.08,Saline Soil
7.03,137.57,44.9,186.3,56.03,2.08,0.99,32.11,78.38,Clayey Soil
6.6,141.7,63.84,176.42,48.82,3.64,1.58,27.21,78.11,Clayey Soil
8.67,118.33,42.31,185.37,16.92,0.54,4.3,34.37,44.33,Saline Soil
5.9,54.73,22.24,81.67,17.58,1.53,0.34,29.98,43.73,Red Soil
4.95,60.29,25.62,30.17,20.02,0.49,0.34,31.38,82.13,Laterite Soil
6.79,180.95,73.2,188.72,36.83,3.98,0.63,21.67,70.13,Alluvial Soil
6.51,63.82,29.75,61.91,15.77,0.55,0.36,31.91,40.32,Sandy Loam
6.13,71.59,23.54,108.73,25.29,1.13,0.35,25.98,44.17,Red Soil
7.97,172.31,67.63,202.48,39.1,2.75,0.79,28.63,69.31,Alluvial Soil
8.0,59.93,40.66,134.34,16.08,0.8,4.43,36.59,28.11,Saline Soil
6.21,51.9,19.44,69.4,15.44,0.44,0.26,26.7,30.36,Sandy Loam
7.38,177.76,82.28,174.71,40.1,2.78,0.54,26.95,63.23,Alluvial Soil
4.94,202.61,23.6,98.21,51.83,6.36,1.99,23.71,95.89,Peaty Soil
4.6,231.65,26.53,92.82,59.39,8.41,1.29,19.83,86.57,Peaty Soil
6.71,56.41,20.22,111.32,12.81,0.58,0.27,31.31,33.75,Sandy Loam
6.7,53.41,20.31,50.62,15.17,0.88,0.22,24.01,48.43,Sandy Loam
6.47,127.19,47.38,187.65,56.6,3.34,1.13,25.62,78.26,Clayey Soil
4.46,210.55,30.21,79.24,53.53,5.83,1.87,21.32,86.73,Peaty Soil
7.84,60.66,35.05,147.52,11.5,0.41,4.24,26.39,22.98,Saline Soil
3.9,241.3,40.16,82.09,55.11,7.43,1.36,22.32,85.23,Peaty Soil
6.87,140.4,69.82,160.78,51.86,4.28,1.19,27.98,67.17,Clayey Soil
6.36,52.28,24.32,108.95,13.08,0.63,0.4,34.18,46.59,Sandy Loam
5.9,72.73,31.08,107.84,14.15,1.2,0.49,26.92,37.08,Red Soil
7.01,197.41,87.19,228.8,30.79,2.25,1.14,26.71,68.1,Alluvial Soil
8.63,64.4,43.37,149.12,13.01,0.93,4.33,35.81,27.67,Saline Soil
4.02,266.17,27.06,75.17,66.41,7.53,1.47,22.78,83.7,Peaty Soil
3.97,171.57,43.17,65.55,60.74,8.16,1.65,19.7,77.16,Peaty Soil
7.76,107.26,31.62,266.42,47.0,2.09,0.82,21.36,59.03,Black Soil
6.56,59.75,41.63,73.0,11.61,0.77,0.24,29.28,33.31,Sandy Loam
4.24,252.8,28.35,104.35,52.84,6.23,1.93,25.96,84.81,Peaty Soil
4.4,237.02,28.05,66.55,57.72,5.31,1.52,20.18,84.26,Peaty Soil
5.85,33.27,18.92,76.11,8.66,0.78,0.34,32.06,83.87,Laterite Soil
8.57,87.0,30.44,131.58,14.56,0.64,4.2,32.52,19.1,Saline Soil
6.95,76.24,25.16,57.68,18.48,0.75,0.24,32.21,29.91,Sandy Loam
8.75,74.6,41.48,200.42,23.01,0.77,4.45,38.32,36.65,Saline Soil
6.52,75.99,30.77,87.0,19.12,0.63,0.27,19.72,38.42,Sandy Loam
7.51,99.66,43.91,267.4,43.84,2.06,1.06,29.78,48.39,Black Soil
5.15,48.64,29.25,66.78,15.37,1.1,0.38,37.07,63.59,Red Soil
6.48,150.35,49.07,120.27,56.49,4.06,1.61,25.48,72.13,Clayey Soil
6.61,78.55,24.35,80.56,15.12,0.49,0.29,25.46,42.66,Sandy Loam
4.69,203.69,23.68,109.05,59.99,7.48,1.29,15.87,80.19,Peaty Soil
6.81,179.17,86.53,179.47,33.01,2.79,0.93,35.34,64.28,Alluvial Soil
5.44,48.79,13.27,93.8,11.92,0.77,0.3,31.05,79.17,Laterite Soil
8.39,65.05,39.48,96.55,10.4,0.89,4.57,32.55,30.08,Saline Soil
5.68,43.67,23.13,120.41,18.33,1.03,0.51,31.48,38.82,Red Soil
6.42,97.3,27.42,124.28,18.78,1.84,0.69,29.55,51.29,Red Soil
3.92,270.97,27.84,74.43,63.61,6.75,2.26,18.94,75.48,Peaty Soil
6.48,146.21,58.29,166.82,53.38,3.38,1.17,23.3,74.13,Clayey Soil
8.95,74.82,37.89,191.81,19.43,0.58,2.29,33.19,45.19,Saline Soil
6.76,56.8,26.55,115.18,16.32,1.07,0.23,37.54,35.67,Sandy Loam
6.54,60.88,27.14,63.17,14.65,0.57,0.29,34.52,32.2,Sandy Loam
7.01,217.27,66.78,184.89,29.24,2.65,0.69,27.1,69.12,Alluvial Soil
6.82,125.32,55.6,180.44,52.39,3.51,1.11,27.49,79.52,Clayey Soil
4.32,237.61,31.89,75.75,61.25,4.71,1.44,21.96,83.1,Peaty Soil
6.17,88.31,27.16,68.02,10.22,0.88,0.21,38.29,19.95,Sandy Loam
6.47,67.93,29.8,90.81,16.6,0.6,0.21,30.23,43.64,Sandy Loam
8.19,83.63,44.62,227.27,45.08,0.9,0.91,31.88,49.95,Black Soil
6.58,61.67,35.27,126.81,27.57,0.96,0.3,27.58,49.78,Red Soil
5.24,66.51,16.9,68.51,20.37,0.41,0.28,30.6,72.02,Laterite Soil
9.68,101.25,39.71,147.1,16.88,0.42,4.32,32.28,29.86,Saline Soil
7.59,40.91,25.09,53.1,7.91,0.67,0.29,35.8,45.2,Sandy Loam
7.96,73.27,47.8,124.01,22.77,1.01,4.5,34.24,29.75,Saline Soil
6.11,67.22,36.48,82.73,23.31,1.43,0.54,38.33,43.5,Red Soil
7.04,169.85,56.52,181.21,59.48,4.06,0.94,26.22,69.02,Clayey Soil
4.34,203.79,27.36,62.66,58.03,7.01,1.25,27.32,85.35,Peaty Soil
5.24,68.67,43.47,127.71,29.32,1.36,0.57,37.0,51.21,Red Soil
6.85,152.05,40.72,201.59,58.87,2.97,1.2,26.25,69.91,Clayey Soil
6.09,79.42,39.65,115.8,18.88,1.24,0.38,27.58,35.08,Red Soil
8.2,96.44,52.26,226.44,40.51,2.47,0.93,28.89,64.88,Black Soil
6.3,49.82,31.31,77.71,11.26,0.71,0.27,31.74,57.12,Sandy Loam
8.97,66.88,48.47,117.11,11.69,0.96,3.76,31.97,35.1,Saline Soil
6.16,40.67,22.6,89.42,12.2,0.55,0.29,28.39,44.48,Sandy Loam
7.1,175.75,59.56,215.89,36.3,2.84,0.97,22.5,66.64,Alluvial Soil
6.04,50.19,43.0,99.67,21.6,1.45,0.38,25.67,50.16,Red Soil
6.68,64.74,25.16,86.0,15.36,0.25,0.39,21.24,33.37,Sandy Loam
4.48,68.06,25.88,75.3,23.13,0.71,0.15,28.72,89.24,Laterite Soil
7.96,195.85,40.7,200.59,29.02,3.23,0.63,26.1,71.53,Alluvial Soil
6.98,110.85,50.26,151.86,53.72,3.6,1.27,25.01,69.45,Clayey Soil
5.91,63.41,22.99,105.03,16.39,0.89,0.2,27.21,50.91,Sandy Loam
4.77,226.37,18.65,110.43,48.76,5.41,1.54,22.26,87.32,Peaty Soil
6.7,82.26,21.61,116.75,20.81,1.29,0.42,28.33,59.64,Red Soil
4.76,34.79,22.13,80.15,19.9,0.76,0.28,29.89,77.47,Laterite Soil
6.74,91.21,27.8,113.07,25.22,0.65,0.41,34.58,56.29,Red Soil
6.45,48.74,24.99,87.85,16.79,0.36,0.27,27.31,48.96,Sandy Loam
4.05,205.39,33.77,76.48,55.32,6.07,2.22,19.65,85.28,Peaty Soil
9.22,77.49,34.88,189.2,13.89,0.93,4.05,27.99,38.01,Saline Soil
4.81,52.89,21.02,99.19,17.96,0.72,0.31,34.85,76.89,Laterite Soil
6.79,180.61,70.98,238.53,36.32,3.88,0.63,29.55,69.28,Alluvial Soil
6.65,159.82,45.88,223.59,50.77,3.49,0.81,25.01,59.16,Clayey Soil
9.08,70.86,32.98,145.62,10.11,0.69,2.34,29.66,45.7,Saline Soil
4.4,211.43,36.43,89.49,51.35,5.45,1.59,14.24,82.15,Peaty Soil
5.65,179.62,55.32,186.49,53.44,3.74,1.17,24.95,74.81,Clayey Soil
7.55,151.25,58.07,143.08,55.54,3.57,0.75,28.98,75.19,Clayey Soil
8.06,96.49,42.33,156.55,49.73,1.95,1.04,25.15,51.92,Black Soil
5.19,75.4,13.82,70.75,22.27,0.85,0.27,32.7,79.77,Laterite Soil
7.95,205.81,46.77,180.47,37.7,2.45,0.82,29.21,61.51,Alluvial Soil
8.35,87.85,32.08,252.16,46.43,2.04,0.99,30.02,66.58,Black Soil
3.92,247.68,29.62,82.43,51.3,6.53,1.45,22.45,85.92,Peaty Soil
6.09,52.89,22.98,92.33,15.29,0.81,0.34,31.56,45.33,Sandy Loam
7.8,88.87,46.5,192.51,47.12,2.12,1.09,20.25,48.91,Black Soil
5.16,69.24,20.3,89.62,18.97,1.02,0.24,29.62,80.27,Laterite Soil
5.06,74.02,18.22,93.25,19.53,1.0,0.17,32.11,73.22,Laterite Soil
5.17,223.3,33.04,74.57,59.67,8.11,1.37,22.88,77.27,Peaty Soil
5.19,58.08,19.47,64.65,16.3,0.49,0.23,36.89,72.85,Laterite Soil
4.96,73.44,11.87,77.16,18.44,0.82,0.29,30.65,83.67,Laterite Soil
7.11,193.68,50.83,228.43,35.22,3.16,0.82,26.57,72.71,Alluvial Soil
8.08,89.26,32.73,235.68,47.55,1.64,0.9,24.24,63.95,Black Soil
7.82,84.62,55.24,215.52,40.81,2.17,0.79,24.2,43.45,Black Soil
7.27,70.23,29.11,82.01,14.12,0.57,0.33,30.04,43.78,Sandy Loam
3.92,69.26,20.46,80.28,18.28,0.89,0.25,32.85,69.5,Laterite Soil
4.91,56.19,26.11,66.68,13.84,1.01,0.36,31.02,74.37,Laterite Soil
6.41,39.58,21.8,102.68,23.67,1.85,0.42,24.15,51.42,Red Soil
6.1,86.34,44.56,78.35,20.14,0.39,0.47,30.89,47.67,Red Soil
4.72,258.69,19.04,96.29,54.52,5.53,1.46,18.79,90.06,Peaty Soil
6.83,194.26,55.84,140.85,24.68,2.82,0.79,23.33,72.47,Alluvial Soil
7.73,77.88,38.92,204.76,46.24,1.67,0.65,33.02,51.02,Black Soil
5.82,64.58,18.53,69.69,13.15,0.93,0.21,28.62,70.26,Laterite Soil
6.07,54.24,27.67,64.61,9.1,0.66,0.16,25.05,48.05,Sandy Loam
8.07,63.56,37.15,231.08,47.28,2.38,0.8,26.01,50.9,Black Soil
5.64,44.0,20.66,58.52,27.06,1.08,0.28,28.68,77.26,Laterite Soil
5.52,37.25,17.32,79.69,23.24,0.85,0.37,33.1,78.8,Laterite Soil
7.87,54.99,33.59,154.9,11.66,0.72,5.07,32.27,46.45,Saline Soil
4.21,206.81,27.46,59.73,59.31,6.84,1.27,26.21,88.34,Peaty Soil
8.92,83.63,22.96,137.66,14.93,0.5,3.09,33.97,40.92,Saline Soil
6.3,56.71,23.63,85.77,23.78,1.4,0.45,26.22,61.51,Red Soil
4.87,227.69,23.41,88.38,68.88,7.7,1.79,24.39,93.47,Peaty Soil
5.56,45.76,19.14,95.76,18.22,0.9,0.29,34.71,76.32,Laterite Soil
5.69,79.06,16.68,117.62,18.61,0.88,0.28,27.73,57.22,Red Soil
5.14,41.98,11.03,74.36,23.87,0.77,0.36,33.53,76.16,Laterite Soil
8.71,60.81,23.28,163.32,18.87,0.91,4.32,35.07,44.42,Saline Soil
4.89,238.55,23.77,108.55,58.61,6.59,1.43,24.52,93.82,Peaty Soil
6.88,45.61,24.41,52.19,10.45,0.72,0.21,28.21,45.94,Sandy Loam
8.17,63.73,42.59,125.21,13.38,0.93,2.99,23.72,34.75,Saline Soil
6.18,73.29,16.73,97.18,10.47,0.8,0.28,36.1,51.13,Sandy Loam
5.15,64.28,19.73,74.01,22.15,0.91,0.31,31.94,77.39,Laterite Soil
8.43,104.66,31.25,169.89,18.89,0.96,4.49,37.51,41.41,Saline Soil
5.17,66.47,43.02,76.01,13.47,0.65,0.56,33.77,43.64,Red Soil
4.26,190.34,33.68,116.38,71.34,7.15,1.58,18.74,74.67,Peaty Soil
4.98,63.13,39.65,99.53,19.14,1.02,0.32,23.02,56.95,Red Soil
5.58,63.8,28.23,142.17,19.9,1.42,0.62,34.95,50.42,Red Soil
6.85,131.21,22.88,133.88,55.72,4.61,1.38,25.13,73.84,Clayey Soil
8.53,72.95,34.99,119.65,19.22,0.93,4.07,30.09,32.79,Saline Soil
6.19,50.54,28.28,87.73,11.58,0.59,0.28,23.93,48.13,Sandy Loam
6.91,94.7,41.05,224.12,54.63,1.55,1.1,29.43,65.09,Black Soil
6.79,184.9,53.26,207.25,24.34,3.31,0.82,27.4,74.88,Alluvial Soil
4.05,249.4,21.84,76.25,56.12,7.41,1.66,21.56,95.37,Peaty Soil
5.33,55.61,24.51,64.36,13.49,0.83,0.27,28.47,77.48,Laterite Soil
4.23,238.33,32.31,71.8,60.05,6.56,1.36,23.86,80.73,Peaty Soil
5.91,102.79,26.27,126.17,21.02,0.55,0.2,27.3,56.98,Red Soil
7.32,158.8,57.46,161.04,45.04,3.28,1.09,27.67,76.32,Clayey Soil
4.77,233.23,29.29,78.0,53.87,7.09,0.99,23.87,79.2,Peaty Soil
5.44,57.25,25.58,66.33,24.36,0.62,0.22,25.72,75.1,Laterite Soil
6.63,134.95,71.5,217.77,29.41,1.5,0.67,27.87,57.65,Alluvial Soil
5.84,68.84,27.59,128.18,16.95,1.08,0.68,33.92,59.47,Red Soil
6.86,166.78,52.32,231.69,30.84,2.98,0.66,20.13,69.89,Alluvial Soil
7.51,203.28,54.93,185.72,33.49,3.29,0.68,25.85,60.26,Alluvial Soil
5.66,78.57,22.94,137.87,17.31,1.07,0.38,25.75,54.3,Red Soil
5.76,50.22,18.46,82.01,12.46,0.68,0.28,36.21,45.4,Sandy Loam
5.74,72.82,22.49,114.47,23.59,1.39,0.3,37.85,54.52,Red Soil
6.23,69.97,28.98,111.19,15.96,1.27,0.53,32.09,56.05,Red Soil
8.18,61.53,42.41,259.54,55.28,1.71,1.01,20.78,35.86,Black Soil
7.44,192.12,54.84,175.69,36.63,2.63,0.69,23.16,70.97,Alluvial Soil
7.05,190.49,54.35,181.88,35.25,2.61,1.01,25.1,69.57,Alluvial Soil
6.29,67.24,26.17,94.38,12.26,0.69,0.28,29.19,43.96,Sandy Loam
7.82,108.5,44.51,206.72,47.59,1.5,0.82,28.76,57.38,Black Soil
7.67,93.9,32.47,152.57,47.0,2.14,1.0,20.2,52.19,Black Soil
4.47,208.17,38.7,53.05,56.82,7.55,1.77,18.58,80.55,Peaty Soil
5.1,42.96,14.24,59.02,13.63,0.63,0.29,31.31,76.24,Laterite Soil
4.5,49.99,18.17,66.79,16.95,0.87,0.26,26.73,79.4,Laterite Soil
8.89,77.16,42.14,149.13,19.89,0.42,3.94,31.71,13.95,Saline Soil
5.36,41.86,16.47,65.44,18.89,1.15,0.24,34.0,72.92,Laterite Soil
4.49,204.25,32.21,114.75,56.26,6.94,1.67,20.65,88.72,Peaty Soil
6.92,135.88,60.32,164.29,53.11,4.09,1.35,26.75,65.38,Clayey Soil
6.73,162.85,39.62,194.91,60.92,3.36,0.9,23.51,57.3,Clayey Soil
6.23,66.95,17.05,123.97,17.19,0.83,0.18,31.36,51.67,Sandy Loam
6.54,142.13,70.45,195.72,47.58,4.85,1.14,28.36,65.34,Clayey Soil
5.05,45.41,13.38,79.3,19.15,0.95,0.22,26.2,82.07,Laterite Soil
6.41,41.08,18.97,92.39,13.53,0.59,0.22,37.12,35.3,Sandy Loam
6.68,67.72,22.94,74.71,13.17,0.74,0.13,32.16,44.47,Sandy Loam
7.06,101.49,21.53,161.5,16.1,1.22,4.95,29.98,31.68,Saline Soil
8.67,84.6,35.63,154.65,23.01,1.31,3.72,22.73,43.36,Saline Soil
4.38,282.8,30.46,110.69,62.09,5.64,1.54,27.87,82.23,Peaty Soil
7.02,188.1,51.23,197.56,18.54,2.71,0.51,30.72,73.44,Alluvial Soil
8.1,76.11,54.26,297.42,61.76,1.45,1.0,19.67,59.43,Black Soil
6.36,56.75,18.24,100.23,8.62,0.82,0.18,34.54,39.17,Sandy Loam
6.53,157.13,56.65,171.08,47.67,3.11,0.54,24.83,74.2,Clayey Soil
6.21,82.13,26.15,92.97,18.71,1.1,0.32,27.6,43.61,Red Soil
8.7,15.74,41.36,176.31,15.87,0.77,4.26,28.86,41.89,Saline Soil
4.09,212.94,35.74,110.75,60.65,7.37,1.83,14.01,85.06,Peaty Soil
7.21,133.28,52.5,180.2,43.56,3.74,0.79,31.14,70.97,Clayey Soil
5.3,41.44,19.13,73.4,19.25,0.74,0.27,31.29,79.31,Laterite Soil
7.18,135.07,51.2,177.0,53.27,2.54,1.47,24.42,72.48,Clayey Soil
7.09,155.88,45.48,166.65,47.81,3.07,1.22,22.24,72.17,Clayey Soil
7.35,140.74,56.27,187.57,31.67,3.11,0.78,21.83,70.66,Alluvial Soil
6.63,144.83,37.66,218.23,51.51,3.31,0.91,24.08,84.4,Clayey Soil
5.12,250.35,21.36,83.09,61.1,7.23,1.95,21.21,83.0,Peaty Soil
7.02,121.78,44.45,182.22,63.45,4.0,1.47,23.33,69.5,Clayey Soil
6.58,60.54,25.91,126.92,19.0,1.1,0.5,32.48,32.89,Red Soil
6.5,59.67,20.88,114.37,14.33,0.67,0.31,43.02,32.95,Sandy Loam
6.84,152.96,85.25,221.45,31.96,3.54,0.76,23.49,78.66,Alluvial Soil
9.29,63.51,27.61,138.38,18.63,0.87,3.53,35.03,27.19,Saline Soil
5.29,56.66,23.42,65.3,15.2,0.77,0.22,32.69,70.45,Laterite Soil
8.2,66.36,30.96,113.67,20.13,1.04,4.05,30.43,21.66,Saline Soil
8.36,63.8,41.79,155.34,12.21,0.57,5.37,28.3,46.41,Saline Soil
5.08,55.4,15.05,82.79,24.37,1.1,0.29,33.03,81.75,Laterite Soil
6.91,171.99,70.09,210.69,29.42,2.79,1.07,32.55,71.05,Alluvial Soil
4.85,229.14,20.64,56.95,64.33,6.46,1.18,14.72,82.82,Peaty Soil
5.93,96.07,31.0,117.45,20.51,1.08,0.42,28.35,52.51,Red Soil
7.88,73.63,51.52,219.38,41.32,1.83,0.77,26.33,57.75,Black Soil
6.95,54.32,27.0,93.87,14.42,0.56,0.21,32.61,28.35,Sandy Loam
6.82,67.88,30.12,140.26,19.46,1.71,0.69,29.0,43.09,Red Soil
4.8,59.69,25.9,89.67,22.2,0.83,0.16,29.63,76.32,Laterite Soil
5.01,52.01,16.42,93.54,20.28,0.45,0.34,32.82,75.17,Laterite Soil
7.79,110.44,46.98,230.99,51.41,1.85,0.78,24.96,47.17,Black Soil
5.79,87.45,35.48,81.71,16.86,1.87,0.66,29.38,50.19,Red Soil
7.19,187.33,56.43,250.97,34.13,2.2,0.85,23.09,73.51,Alluvial Soil
5.92,72.36,27.98,86.52,16.22,0.8,0.36,30.89,41.24,Red Soil
7.97,142.94,62.62,190.13,51.83,3.05,1.23,25.79,69.71,Clayey Soil
4.11,181.11,30.42,84.79,62.07,6.67,1.18,26.51,87.4,Peaty Soil
6.94,155.1,72.81,220.75,30.94,2.82,0.53,25.45,67.65,Alluvial Soil
4.68,215.46,16.98,109.82,53.13,5.8,1.58,22.41,82.08,Peaty Soil
8.35,75.07,38.71,234.7,39.02,2.14,0.81,27.22,51.38,Black Soil
4.94,14.08,13.84,67.14,23.35,0.95,0.23,34.2,78.12,Laterite Soil
7.13,100.52,40.79,192.2,56.21,2.47,1.35,24.33,79.86,Clayey Soil
8.04,139.86,39.52,228.88,46.58,2.33,0.65,20.14,50.3,Black Soil
6.95,182.84,72.95,242.58,26.43,3.87,0.46,25.97,72.12,Alluvial Soil
5.69,58.46,22.05,79.7,13.24,0.59,0.34,30.97,80.86,Laterite Soil
6.07,64.63,36.59,83.38,22.67,0.69,0.58,28.52,58.78,Red Soil
6.62,63.98,32.97,130.42,21.79,0.39,0.45,34.18,52.48,Red Soil
9.01,83.06,46.06,126.34,18.8,1.37,4.47,35.45,44.24,Saline Soil
6.09,172.85,78.21,253.75,26.47,3.05,0.68,26.13,86.51,Alluvial Soil
6.2,55.35,29.12,100.68,18.09,1.32,0.27,31.65,53.82,Red Soil
4.7,63.83,27.5,81.29,22.37,0.79,0.19,32.84,81.7,Laterite Soil
7.45,216.82,57.75,188.11,24.62,2.6,0.9,24.87,72.48,Alluvial Soil
8.07,64.54,40.47,211.55,50.14,2.33,0.54,27.91,63.97,Black Soil
4.62,53.84,17.45,71.87,23.43,0.99,0.26,29.73,74.73,Laterite Soil
4.98,69.05,20.0,77.65,21.43,0.94,0.26,34.21,70.79,Laterite Soil
8.87,30.19,29.67,123.56,15.1,0.34,4.5,26.91,48.19,Saline Soil
7.38,148.27,85.43,201.07,39.34,2.43,1.02,29.21,71.87,Alluvial Soil
6.85,137.67,47.24,174.15,56.78,3.93,1.24,26.1,83.54,Clayey Soil
7.29,181.61,41.29,166.82,31.35,2.2,0.84,31.86,76.53,Alluvial Soil
8.71,78.81,50.57,170.67,16.91,0.69,5.46,31.88,40.99,Saline Soil
8.83,83.03,46.21,167.25,8.66,0.52,4.45,24.85,29.92,Saline Soil
5.01,69.07,20.51,67.21,18.46,0.87,0.24,28.26,82.56,Laterite Soil
6.53,80.57,40.96,100.81,16.83,0.99,0.62,22.55,30.42,Red Soil
6.08,83.59,44.42,79.2,20.61,0.75,0.64,27.27,35.73,Red Soil
5.23,52.58,23.62,85.83,19.18,1.23,0.33,34.91,81.95,Laterite Soil
4.98,204.57,20.22,90.4,57.85,7.85,1.17,19.89,73.19,Peaty Soil
7.17,146.32,53.34,231.01,29.04,2.28,0.83,30.65,73.03,Alluvial Soil
7.7,80.65,42.37,255.22,44.03,2.12,1.01,24.01,59.15,Black Soil
6.72,47.95,32.13,79.82,12.43,1.03,0.32,34.39,52.84,Sandy Loam
6.01,79.99,29.32,145.38,17.06,1.36,0.46,32.14,44.29,Red Soil
8.02,95.69,30.46,163.01,17.25,0.86,4.23,33.53,36.92,Saline Soil
8.52,42.14,33.55,194.95,13.13,0.62,3.31,34.45,48.83,Saline Soil
7.27,197.33,67.12,183.99,28.28,2.84,0.59,16.28,71.06,Alluvial Soil
4.58,195.43,24.93,82.39,57.62,7.71,1.84,21.65,83.57,Peaty Soil
7.27,158.06,52.05,131.81,57.8,3.0,1.04,32.09,68.72,Clayey Soil
4.86,240.42,25.06,91.97,56.08,6.95,1.45,19.47,86.1,Peaty Soil
5.21,43.37,15.02,97.97,19.5,0.71,0.28,35.94,76.47,Laterite Soil
6.79,174.08,59.18,197.46,42.42,1.87,0.85,20.86,64.7,Alluvial Soil
4.32,264.92,28.2,65.31,49.82,7.13,1.33,23.51,77.68,Peaty Soil
6.46,57.15,16.45,81.08,11.25,0.76,0.37,25.35,55.7,Sandy Loam
6.18,47.69,23.19,99.43,15.3,0.49,0.33,26.99,29.12,Sandy Loam
8.3,96.21,32.97,161.78,15.17,1.09,3.68,33.92,33.6,Saline Soil
5.94,61.11,30.29,97.19,22.52,0.7,0.42,34.39,47.51,Red Soil
4.24,190.0,23.36,109.62,60.62,7.05,1.13,21.8,72.33,Peaty Soil
5.99,50.33,29.32,91.27,23.53,1.76,0.36,30.76,33.08,Red Soil
3.83,144.61,22.52,77.67,61.35,6.86,1.63,18.46,82.08,Peaty Soil
6.31,117.77,49.46,188.42,52.71,3.01,1.22,22.84,80.6,Clayey Soil
7.26,186.29,62.67,172.33,36.72,3.63,0.68,24.36,71.44,Alluvial Soil
5.08,183.62,39.59,55.92,51.1,5.29,1.69,17.98,77.58,Peaty Soil
5.12,249.91,28.53,103.96,55.29,6.08,2.2,18.07,83.05,Peaty Soil
6.56,70.95,28.01,77.42,13.3,0.56,0.27,26.44,45.12,Sandy Loam
7.43,87.59,43.19,224.09,44.91,1.86,0.93,28.21,46.52,Black Soil
5.8,48.04,22.61,84.59,11.62,0.81,0.42,31.28,42.67,Sandy Loam
8.34,106.7,22.29,204.98,13.81,0.69,3.88,27.71,55.33,Saline Soil
6.78,62.18,17.98,67.56,7.9,0.5,0.34,36.06,47.48,Sandy Loam
6.99,169.27,72.06,147.06,34.08,3.81,0.55,27.16,63.37,Alluvial Soil
6.72,55.9,28.03,101.43,16.02,0.67,0.21,27.93,46.76,Sandy Loam
6.38,69.51,33.81,90.07,14.24,0.94,0.36,29.2,42.59,Red Soil
7.18,111.62,58.63,179.41,54.91,3.7,1.26,33.45,73.43,Clayey Soil
8.99,99.52,55.03,83.2,18.4,0.32,5.52,33.95,29.43,Saline Soil
7.47,166.26,63.6,175.93,39.82,2.64,1.02,29.35,71.37,Alluvial Soil
7.41,149.63,51.98,166.18,54.32,3.15,0.94,26.13,72.92,Clayey Soil
4.12,221.23,28.84,91.12,48.83,6.68,1.47,21.44,90.69,Peaty Soil
6.26,38.7,27.2,75.15,18.51,0.7,0.29,28.95,54.73,Sandy Loam
6.12,70.55,15.39,51.78,17.08,0.61,0.34,27.46,77.53,Laterite Soil
5.57,65.07,35.75,122.47,23.45,1.14,0.51,26.46,45.37,Red Soil
7.4,129.54,43.97,218.56,49.83,3.49,1.26,20.02,83.27,Clayey Soil
7.44,108.89,42.01,185.94,48.46,2.23,0.83,32.66,41.67,Black Soil
6.23,69.03,28.65,97.9,19.06,1.19,0.56,27.23,40.62,Red Soil
8.22,67.18,56.31,260.09,53.0,1.36,0.68,27.4,59.02,Black Soil
7.86,88.77,50.0,200.74,42.17,1.93,1.16,30.01,56.99,Black Soil
6.64,74.04,21.7,100.9,22.09,1.04,0.56,23.69,35.3,Red Soil
6.45,56.33,27.86,104.55,19.37,1.1,0.31,33.41,32.75,Red Soil
6.74,78.88,23.05,125.83,20.73,1.01,0.5,26.68,45.08,Red Soil
8.33,104.11,53.77,163.38,20.78,0.91,3.8,32.8,56.12,Saline Soil
7.19,36.48,25.66,122.57,13.86,0.43,0.24,31.37,52.65,Sandy Loam
6.47,141.64,45.73,151.76,50.04,2.97,1.32,21.43,67.23,Clayey Soil
8.03,66.08,53.69,155.02,19.2,0.7,3.8,32.11,35.61,Saline Soil
6.26,71.53,31.57,75.41,10.33,0.77,0.18,25.02,33.5,Sandy Loam
7.19,79.91,18.21,105.34,14.6,0.53,0.27,27.52,42.3,Sandy Loam
6.66,75.33,15.34,123.98,20.55,0.96,0.48,31.3,54.01,Red Soil
6.9,142.5,54.32,171.81,45.89,2.61,0.6,26.86,80.21,Clayey Soil
6.42,66.49,32.95,127.09,27.11,1.51,0.61,34.99,50.48,Red Soil
6.85,153.55,54.9,147.69,56.5,4.29,1.38,27.46,69.81,Clayey Soil
5.13,46.0,16.34,76.29,18.64,1.04,0.29,29.95,76.82,Laterite Soil
6.51,63.78,24.07,66.53,13.57,0.41,0.27,37.37,48.58,Sandy Loam
4.6,253.88,36.73,86.71,58.44,8.14,1.66,23.26,89.79,Peaty Soil
4.83,48.87,20.06,100.22,12.0,0.72,0.13,31.09,79.77,Laterite Soil
8.98,104.07,39.27,116.24,15.56,0.39,4.51,31.32,37.64,Saline Soil
6.43,68.75,37.64,61.78,15.6,1.3,0.45,31.8,48.55,Red Soil
6.96,144.81,68.69,131.79,59.47,3.45,1.27,29.87,78.21,Clayey Soil
6.64,46.76,36.98,75.26,12.86,0.89,0.27,30.7,39.75,Sandy Loam
8.49,71.76,40.91,170.71,17.78,0.73,4.31,35.59,46.36,Saline Soil
8.81,98.07,45.71,136.44,12.2,0.49,2.82,30.16,34.54,Saline Soil
7.0,204.1,79.27,158.17,34.69,3.15,0.71,31.31,66.95,Alluvial Soil
6.95,73.57,22.11,114.85,19.66,1.2,0.52,34.1,47.79,Red Soil
9.19,95.55,26.61,129.56,16.72,0.38,4.45,24.95,47.21,Saline Soil
4.98,60.78,14.96,72.83,21.25,1.14,0.26,36.88,80.04,Laterite Soil
5.75,76.85,25.43,90.28,23.18,1.55,0.54,33.01,43.57,Red Soil
7.24,107.83,25.05,226.97,48.19,1.97,1.04,28.89,65.23,Black Soil
6.58,74.43,23.24,109.74,20.09,1.25,0.31,29.39,51.36,Red Soil
6.51,96.81,46.25,145.69,54.24,3.95,1.38,26.65,73.0,Clayey Soil
7.92,112.2,37.64,238.39,45.92,2.17,1.07,27.12,55.51,Black Soil
6.45,43.29,38.52,127.08,19.16,1.47,0.42,27.76,52.04,Red Soil
6.23,83.38,28.41,68.65,13.59,1.1,0.19,32.72,39.42,Sandy Loam
9.03,108.34,63.82,146.16,20.55,0.97,4.95,39.1,34.23,Saline Soil
6.17,29.94,29.99,57.96,13.8,0.71,0.3,29.31,44.17,Sandy Loam
6.19,71.99,16.78,70.07,22.12,1.14,0.4,23.2,52.01,Red Soil
5.17,56.74,17.01,80.93,15.03,0.61,0.32,33.04,65.81,Laterite Soil
8.53,85.98,32.59,108.87,19.85,0.87,4.21,31.99,24.44,Saline Soil
6.7,67.51,24.34,83.65,16.42,0.68,0.38,33.11,37.06,Sandy Loam
7.32,181.9,71.47,167.38,32.76,2.09,0.73,23.34,62.85,Alluvial Soil
6.84,165.11,81.49,130.93,46.12,3.33,0.78,26.31,70.0,Alluvial Soil
8.82,73.82,41.76,94.47,18.34,0.61,3.65,35.96,48.46,Saline Soil
8.32,120.85,39.86,241.61,41.48,2.37,1.08,35.76,47.97,Black Soil
4.47,220.94,24.31,70.94,62.38,6.99,2.25,24.42,80.98,Peaty Soil
7.24,147.67,71.87,208.52,23.59,2.22,0.71,25.45,59.53,Alluvial Soil
5.89,62.52,28.01,58.93,12.93,0.78,0.07,36.11,44.83,Sandy Loam
7.12,151.43,69.29,211.82,36.87,3.33,0.54,23.22,71.61,Alluvial Soil
5.45,74.95,22.3,101.96,22.92,1.26,0.61,29.19,50.6,Red Soil
4.89,50.04,17.03,95.36,19.26,1.06,0.3,34.17,80.58,Laterite Soil
6.8,42.8,23.41,72.65,14.83,0.61,0.24,29.6,58.29,Sandy Loam
5.94,69.06,24.86,124.48,19.5,1.58,0.63,26.11,48.59,Red Soil
5.64,64.02,18.95,70.46,12.8,0.56,0.28,30.15,26.99,Sandy Loam
7.14,204.22,56.58,185.17,30.24,2.07,0.79,27.41,68.04,Alluvial Soil
4.6,244.96,31.44,111.5,58.16,7.8,2.09,23.25,80.89,Peaty Soil
8.43,70.63,38.57,142.06,13.59,0.99,4.31,33.74,22.48,Saline Soil
4.34,237.73,29.19,147.34,59.97,6.93,1.75,20.18,90.11,Peaty Soil
5.82,62.08,37.47,39.14,22.5,1.11,0.25,30.68,52.04,Red Soil
5.11,49.73,19.72,105.0,18.87,1.0,0.22,33.3,74.58,Laterite Soil
6.54,53.02,20.31,125.12,20.66,0.96,0.56,27.19,46.3,Red Soil
7.63,107.73,60.76,204.72,44.3,1.99,1.11,25.76,32.34,Black Soil
7.22,241.38,57.35,179.07,29.2,2.52,0.65,30.66,77.94,Alluvial Soil
6.12,38.65,24.8,91.03,14.52,0.92,0.16,34.11,33.23,Sandy Loam
8.02,145.26,45.26,225.68,42.98,3.49,0.83,28.58,73.97,Alluvial Soil
6.89,142.94,35.04,178.97,57.56,4.09,1.32,20.05,76.35,Clayey Soil
6.47,75.95,29.19,91.38,23.31,0.87,0.44,35.0,42.38,Red Soil
6.65,168.75,80.09,178.94,33.61,2.43,0.86,28.9,80.94,Alluvial Soil
9.16,72.08,27.53,115.28,16.81,1.26,4.6,25.62,31.47,Saline Soil
6.12,65.0,18.62,89.88,11.44,0.27,0.3,31.12,46.14,Sandy Loam
5.27,25.83,18.59,57.14,19.1,0.56,0.21,35.81,84.95,Laterite Soil
6.81,131.1,38.87,127.65,47.94,3.52,1.15,22.25,75.51,Clayey Soil
3.77,245.27,15.35,86.39,60.85,5.79,1.94,23.02,87.09,Peaty Soil
6.7,165.84,66.2,179.9,25.02,2.83,0.59,28.16,61.56,Alluvial Soil
8.56,90.2,49.74,134.06,8.52,0.86,4.33,29.07,41.58,Saline Soil
5.64,43.83,20.61,102.87,21.81,1.4,0.4,26.15,35.74,Red Soil
6.5,186.34,70.61,227.57,32.44,2.95,0.69,27.44,65.6,Alluvial Soil
6.33,47.05,34.31,96.51,21.47,0.57,0.23,29.9,53.03,Sandy Loam
4.03,221.72,28.73,78.48,56.12,6.36,1.26,24.07,84.0,Peaty Soil
4.92,49.66,19.37,65.39,22.24,0.8,0.24,31.68,90.76,Laterite Soil
5.82,68.24,28.11,67.82,15.41,1.2,0.36,33.52,56.22,Red Soil
7.32,41.05,27.75,59.67,12.61,0.64,0.35,25.98,47.31,Sandy Loam
6.57,54.72,26.41,89.32,19.53,1.4,0.46,39.41,49.64,Red Soil
6.78,158.06,51.64,162.9,54.53,3.76,0.74,24.31,92.27,Clayey Soil
8.12,124.09,29.47,238.79,37.92,1.81,0.9,30.51,55.36,Black Soil
5.75,137.11,47.69,153.1,58.35,2.88,1.5,29.68,59.37,Clayey Soil
7.88,102.77,48.66,330.02,34.75,2.14,0.84,25.65,50.04,Black Soil
7.65,176.56,76.43,243.37,37.92,3.62,0.86,26.76,56.79,Alluvial Soil
5.62,65.15,17.71,67.39,16.18,0.79,0.27,32.66,80.73,Laterite Soil
7.08,181.45,75.18,127.59,29.27,2.91,0.93,24.78,54.86,Alluvial Soil
5.5,58.87,31.69,110.17,24.58,1.15,0.41,37.66,47.2,Red Soil
4.07,214.16,24.83,94.75,58.41,7.05,1.31,21.29,73.69,Peaty Soil
9.03,85.8,28.54,143.71,17.96,0.8,4.65,36.05,32.16,Saline Soil
4.16,269.98,34.38,71.26,66.83,6.95,1.35,24.81,87.72,Peaty Soil
5.84,34.31,19.37,100.07,20.6,0.89,0.22,26.85,83.01,Laterite Soil
6.39,24.25,15.98,69.21,16.57,0.77,0.24,33.56,49.1,Sandy Loam
7.83,96.49,35.45,301.18,51.2,1.6,0.68,26.46,58.48,Black Soil
7.5,161.08,47.94,240.04,30.55,2.67,0.95,28.45,71.19,Alluvial Soil
7.73,80.92,35.16,178.01,48.36,1.17,0.7,19.7,54.31,Black Soil
6.02,85.49,38.18,99.44,18.26,1.14,0.55,32.53,35.89,Red Soil
5.7,73.01,23.23,77.01,9.35,0.65,0.28,25.03,30.21,Sandy Loam
7.83,116.72,28.26,203.07,46.63,1.51,0.79,26.31,44.08,Black Soil
6.77,56.15,22.03,85.88,14.8,0.72,0.25,34.06,40.22,Sandy Loam
6.63,138.35,52.29,162.38,51.02,3.16,1.36,24.68,90.93,Clayey Soil
6.51,65.35,19.69,74.21,13.08,0.45,0.28,28.87,38.24,Sandy Loam
4.98,164.24,25.22,113.43,56.08,8.24,1.07,18.16,82.08,Peaty Soil
6.98,114.11,58.29,154.43,46.95,3.88,1.0,22.89,57.35,Clayey Soil
6.93,101.94,44.23,140.83,42.33,3.4,0.95,33.19,72.73,Clayey Soil
7.94,102.01,22.02,198.07,50.44,2.01,0.92,30.26,68.09,Black Soil
5.1,70.46,13.05,73.97,12.99,0.94,0.21,30.17,75.58,Laterite Soil
8.33,79.22,57.41,178.83,48.17,2.09,0.79,29.7,65.24,Black Soil
7.95,108.87,63.44,268.95,51.8,1.7,0.74,28.25,55.86,Black Soil
6.87,168.85,40.59,182.51,46.01,3.46,1.34,23.25,78.13,Clayey Soil
4.12,210.26,25.67,85.81,67.22,5.56,2.05,23.71,93.62,Peaty Soil
6.45,57.8,29.62,93.34,13.7,0.64,0.3,28.53,48.57,Sandy Loam
4.38,248.87,33.86,99.74,58.48,7.72,2.03,23.71,81.77,Peaty Soil
6.73,140.68,36.95,195.42,55.01,3.73,0.95,21.29,75.68,Clayey Soil
6.52,75.93,25.81,92.49,20.05,1.19,0.41,30.69,51.73,Red Soil
4.33,236.36,29.87,121.92,59.28,6.8,1.52,24.03,88.89,Peaty Soil
5.31,59.65,26.72,107.47,15.37,1.45,0.44,29.64,51.41,Red Soil
5.18,48.27,17.53,77.9,13.9,0.86,0.31,31.39,76.6,Laterite Soil
7.47,172.74,68.21,204.65,28.99,3.3,0.72,23.85,71.76,Alluvial Soil
8.48,106.22,44.16,257.02,41.01,2.55,1.35,29.57,67.72,Black Soil
4.36,232.15,38.58,133.88,66.11,7.59,1.81,19.98,86.62,Peaty Soil
7.18,172.27,66.6,190.43,35.19,3.28,0.63,21.84,55.15,Alluvial Soil
8.47,66.8,37.17,145.81,14.37,1.03,5.62,36.67,43.02,Saline Soil
5.55,56.61,40.14,118.45,21.41,1.03,0.49,30.56,50.48,Red Soil
8.36,105.55,38.29,249.0,44.8,1.9,0.88,27.34,56.7,Black Soil
6.66,142.48,44.52,138.08,51.8,4.43,1.17,22.84,79.66,Clayey Soil
7.01,139.65,50.45,199.71,48.86,3.75,0.96,24.39,65.03,Clayey Soil
6.12,68.77,34.94,126.44,22.13,1.24,0.44,36.25,35.43,Red Soil
8.93,114.04,44.28,133.72,16.21,0.56,4.03,32.25,37.24,Saline Soil
8.78,76.0,38.82,196.86,50.76,2.58,1.28,32.9,53.42,Black Soil
5.35,69.65,17.14,56.93,18.27,0.29,0.33,32.36,88.89,Laterite Soil
6.64,70.25,20.94,86.58,16.05,0.52,0.4,24.68,57.52,Sandy Loam
7.44,152.7,75.68,200.16,34.49,2.21,0.62,28.59,61.36,Alluvial Soil
7.75,95.61,43.0,233.73,47.98,2.18,1.1,24.06,52.73,Black Soil
7.21,148.08,52.03,226.59,31.82,3.14,0.75,26.6,74.57,Alluvial Soil
9.15,104.92,42.37,129.04,15.08,0.82,4.72,29.97,39.54,Saline Soil
6.13,86.02,25.56,85.34,11.1,0.86,0.32,33.14,37.94,Sandy Loam
3.84,189.62,30.07,109.02,64.8,6.6,1.97,21.72,76.58,Peaty Soil
6.66,184.5,81.7,222.55,24.93,2.31,0.89,23.06,66.43,Alluvial Soil
4.7,272.71,16.42,78.64,58.12,6.01,1.31,22.92,93.7,Peaty Soil
8.42,70.23,27.97,125.3,16.04,0.59,4.25,30.48,39.51,Saline Soil
7.35,194.83,61.29,204.78,26.37,3.26,0.72,24.67,75.34,Alluvial Soil
7.0,145.33,47.17,169.29,48.57,3.37,0.57,25.5,73.09,Clayey Soil
7.59,91.32,33.03,141.83,20.31,0.77,3.88,34.29,47.53,Saline Soil
8.34,79.58,48.11,169.32,16.65,0.95,4.61,33.59,46.83,Saline Soil
5.53,48.94,21.42,57.77,23.32,1.39,0.34,24.75,74.37,Laterite Soil
6.86,72.16,9.08,117.47,19.68,1.08,0.41,32.57,57.52,Red Soil
5.77,49.97,13.91,76.97,16.57,0.7,0.33,26.19,68.61,Laterite Soil
8.95,44.44,33.21,140.28,17.25,0.53,4.22,31.52,31.36,Saline Soil
6.92,39.4,22.67,89.4,16.41,0.67,0.32,30.38,41.74,Sandy Loam
7.57,174.27,64.48,149.07,34.31,3.09,0.74,30.44,65.66,Alluvial Soil
8.14,76.09,32.6,128.42,14.28,1.01,3.96,27.46,33.84,Saline Soil
8.63,74.96,38.82,146.22,15.58,0.67,4.26,32.89,29.1,Saline Soil
8.55,111.5,27.15,124.0,13.29,0.42,3.5,32.41,31.59,Saline Soil
4.43,193.12,23.94,108.65,58.98,6.29,1.36,23.36,86.17,Peaty Soil
4.84,33.73,14.76,69.72,10.21,0.8,0.37,32.7,74.77,Laterite Soil
6.92,59.69,23.91,104.23,16.19,0.94,0.16,34.3,46.81,Sandy Loam
4.39,159.56,33.23,92.33,64.01,6.12,1.07,22.01,87.09,Peaty Soil
5.64,71.72,37.99,134.68,21.87,1.0,0.48,27.53,62.61,Red Soil
6.42,91.36,13.01,68.78,13.12,0.61,0.24,30.16,31.92,Sandy Loam
5.02,54.9,13.69,69.3,13.16,0.8,0.28,31.9,73.95,Laterite Soil
8.79,69.16,63.89,178.56,18.99,0.67,3.73,30.88,47.73,Saline Soil
4.7,228.91,26.09,114.32,58.94,6.28,1.77,24.41,79.46,Peaty Soil
8.11,124.14,45.74,197.41,52.82,1.66,1.13,34.29,58.65,Black Soil
6.01,68.11,29.57,77.11,15.52,0.24,0.19,35.93,40.21,Sandy Loam
4.73,227.58,35.31,54.67,63.4,6.06,1.41,23.02,86.74,Peaty Soil
7.54,89.96,33.32,257.71,42.36,2.77,1.19,28.85,63.22,Black Soil
6.03,44.66,19.18,114.78,12.79,0.21,0.36,29.21,27.2,Sandy Loam
6.6,188.35,63.14,137.77,28.13,2.59,1.03,28.45,58.65,Alluvial Soil
8.76,84.77,43.34,184.94,11.99,0.52,3.61,25.99,37.44,Saline Soil
4.28,266.02,22.07,111.53,62.83,6.66,2.0,20.16,78.04,Peaty Soil
6.92,124.42,49.18,141.61,58.03,3.74,1.43,28.25,70.89,Clayey Soil
6.84,53.35,19.12,74.02,9.45,0.66,0.23,33.8,47.12,Sandy Loam
5.45,71.38,11.18,74.16,17.53,0.96,0.32,29.94,75.13,Laterite Soil
8.42,119.96,27.2,159.49,13.94,1.0,3.84,33.16,32.15,Saline Soil
7.06,120.67,39.19,168.21,47.66,3.87,1.35,17.34,67.79,Clayey Soil
5.08,244.38,35.06,54.69,62.05,6.48,1.14,18.64,78.04,Peaty Soil
6.37,63.85,27.5,112.0,21.41,1.4,0.53,37.39,66.75,Red Soil
5.54,61.67,18.18,156.0,20.91,1.08,0.52,33.16,56.04,Red Soil
4.44,204.74,27.03,104.68,52.04,6.38,1.81,24.13,83.94,Peaty Soil
7.29,218.03,53.61,247.42,36.19,2.68,0.92,22.63,62.23,Alluvial Soil
8.32,90.53,31.63,101.66,18.85,0.36,3.4,25.51,39.86,Saline Soil
5.77,58.71,24.29,76.51,15.67,0.84,0.24,35.67,83.14,Laterite Soil
6.2,126.98,57.72,208.73,19.64,2.55,0.67,31.36,65.3,Alluvial Soil
6.12,144.5,40.13,157.8,52.88,3.27,1.21,26.38,65.32,Clayey Soil
6.8,165.15,62.36,191.28,50.48,4.21,1.38,24.74,75.8,Clayey Soil
8.51,93.9,35.12,106.13,14.33,0.94,3.88,23.12,37.72,Saline Soil
7.2,178.14,41.97,194.2,32.27,4.03,0.72,27.56,67.76,Alluvial Soil
5.74,38.91,29.08,108.18,25.32,1.21,0.61,26.85,57.67,Red Soil
5.95,179.31,86.27,244.84,29.94,2.5,0.82,23.01,70.11,Alluvial Soil
5.76,182.07,42.63,209.65,52.18,3.74,1.03,24.73,78.88,Clayey Soil
6.66,51.37,29.1,69.4,13.93,0.56,0.37,27.66,39.19,Sandy Loam
7.38,190.52,70.9,179.22,22.31,3.35,0.68,23.48,72.85,Alluvial Soil
8.25,98.38,21.43,158.38,18.55,0.7,4.24,36.65,31.66,Saline Soil
7.52,136.25,58.81,199.33,53.91,1.74,0.98,27.75,49.72,Black Soil
6.29,55.55,14.48,71.35,16.18,0.83,0.43,25.65,50.88,Red Soil
4.44,213.3,23.92,105.2,59.93,6.31,1.78,20.14,85.35,Peaty Soil
7.28,221.86,64.93,215.06,27.09,2.61,0.85,29.47,65.94,Alluvial Soil
5.39,54.21,34.96,115.6,20.51,0.95,0.51,26.27,50.6,Red Soil
6.56,72.21,24.3,93.64,15.5,0.56,0.3,29.45,40.94,Sandy Loam
3.68,284.66,23.99,75.56,63.9,8.47,1.06,18.63,80.15,Peaty Soil
6.87,154.63,57.21,158.28,32.15,2.42,0.79,21.05,70.32,Alluvial Soil
6.64,49.96,27.96,69.05,13.44,0.77,0.31,27.66,51.58,Sandy Loam
6.56,50.32,22.87,92.48,16.34,0.39,0.28,37.26,40.08,Sandy Loam
7.17,167.4,46.16,196.45,50.5,3.47,1.56,20.35,75.52,Clayey Soil
7.28,127.82,57.98,194.07,27.91,2.33,0.65,27.52,66.69,Alluvial Soil
8.03,80.29,44.89,155.87,52.96,2.17,0.65,22.08,68.38,Black Soil
8.84,82.42,30.56,93.13,16.79,0.87,3.02,27.07,40.27,Saline Soil
7.3,176.54,72.77,240.69,30.95,2.68,0.99,29.19,64.71,Alluvial Soil
7.83,66.21,62.49,196.79,40.84,1.72,1.21,28.06,45.11,Black Soil
7.43,130.16,69.49,231.83,26.56,3.64,0.81,24.03,67.61,Alluvial Soil
7.52,166.62,80.81,200.93,41.34,2.46,1.01,27.19,63.44,Alluvial Soil
6.79,100.02,44.62,180.83,41.11,3.0,0.89,30.92,49.79,Black Soil
6.99,129.9,72.63,157.82,32.27,2.94,0.95,21.92,46.86,Alluvial Soil
6.32,51.65,37.97,144.13,24.35,0.87,0.41,30.05,42.02,Red Soil
4.88,197.16,26.93,66.45,51.04,6.23,1.73,23.81,79.78,Peaty Soil
4.63,251.95,26.29,72.96,51.44,6.83,1.1,21.8,91.69,Peaty Soil
8.76,63.44,33.63,132.15,17.39,0.87,4.87,33.39,39.54,Saline Soil
6.71,112.53,59.85,153.7,51.52,4.29,1.28,18.3,60.73,Clayey Soil
7.2,177.09,67.58,242.34,36.43,3.23,0.68,23.39,74.69,Alluvial Soil
9.29,66.67,48.27,168.77,17.27,0.91,4.21,37.14,43.1,Saline Soil
4.38,41.72,17.73,79.06,13.9,0.82,0.24,27.69,79.69,Laterite Soil
7.54,85.95,42.48,151.29,18.32,0.83,3.27,28.46,35.11,Saline Soil
6.34,139.46,55.5,108.23,57.05,3.1,0.82,27.29,73.82,Clayey Soil
6.07,66.76,19.99,102.44,12.87,0.46,0.26,28.77,50.07,Sandy Loam
4.62,228.71,25.75,52.23,52.74,7.44,1.88,20.87,89.49,Peaty Soil
5.73,92.51,37.47,99.74,18.61,0.31,0.27,24.41,49.15,Red Soil
6.78,53.8,29.14,142.89,16.01,1.22,0.35,27.58,41.17,Red Soil
6.67,203.76,85.53,191.87,31.24,2.84,0.92,23.25,69.67,Alluvial Soil
6.7,183.76,46.11,175.86,53.18,2.73,1.08,24.57,70.76,Clayey Soil
8.92,91.69,31.83,249.56,35.63,1.86,0.95,31.18,62.79,Black Soil
5.91,73.48,21.51,138.35,18.59,1.44,0.42,30.27,43.79,Red Soil
8.17,94.04,37.04,245.88,50.73,2.1,0.77,30.97,49.9,Black Soil
7.4,133.62,43.2,190.69,55.85,3.46,1.69,22.47,67.25,Clayey Soil
8.59,83.37,37.62,146.61,17.95,0.77,2.69,25.01,55.35,Saline Soil
7.2,166.24,56.94,194.23,37.28,3.07,0.69,29.2,48.06,Alluvial Soil
7.95,53.52,38.75,334.61,44.85,2.34,1.24,28.88,48.27,Black Soil
7.31,71.5,28.1,70.54,15.26,0.69,0.32,27.62,43.02,Sandy Loam
7.25,164.98,61.5,176.95,40.34,2.79,0.59,29.38,59.45,Alluvial Soil
7.0,217.6,33.19,227.75,37.61,1.76,0.7,25.2,58.15,Alluvial Soil
6.41,55.6,25.39,71.45,17.63,0.38,0.31,33.2,35.92,Sandy Loam
7.56,96.99,36.36,257.29,31.73,1.56,0.72,26.97,50.7,Black Soil
4.63,48.32,28.09,76.78,17.35,0.97,0.36,29.63,81.27,Laterite Soil
6.81,168.48,77.69,205.31,24.07,2.96,0.69,24.13,72.28,Alluvial Soil
5.3,63.34,23.52,72.97,20.75,0.75,0.23,30.19,77.5,Laterite Soil
6.58,62.02,25.28,85.27,22.44,1.84,0.54,26.22,57.65,Red Soil
8.39,103.05,37.49,224.3,47.19,1.38,0.92,32.39,37.47,Black Soil
6.84,172.41,48.85,170.42,29.86,3.24,0.79,27.18,73.96,Alluvial Soil
5.31,75.88,16.1,68.98,16.54,0.73,0.08,32.22,72.5,Laterite Soil
7.66,112.42,50.94,288.09,41.74,2.09,1.08,26.1,48.83,Black Soil
7.91,180.17,62.72,184.28,31.19,3.49,0.42,31.87,58.03,Alluvial Soil
5.86,81.66,17.79,115.17,13.46,1.02,0.5,27.52,39.07,Red Soil
8.06,82.78,29.32,127.51,16.49,0.41,2.89,34.68,20.62,Saline Soil
4.97,43.5,17.56,65.67,20.2,0.9,0.36,27.85,75.79,Laterite Soil
6.27,90.48,23.59,122.63,20.58,1.04,0.36,35.83,44.81,Red Soil
4.57,232.28,29.33,71.06,67.42,5.48,1.74,22.63,91.35,Peaty Soil
8.75,67.77,36.82,168.73,12.96,0.77,2.84,38.13,25.77,Saline Soil
6.25,177.52,57.77,207.97,34.12,2.45,0.64,26.11,61.72,Alluvial Soil
8.28,89.55,24.44,141.32,17.37,0.71,4.6,29.23,17.8,Saline Soil
4.42,223.44,26.15,76.05,57.96,6.6,1.46,17.6,76.1,Peaty Soil
5.85,48.57,36.32,124.68,20.89,1.51,0.53,26.37,39.17,Red Soil
5.12,43.33,18.74,99.64,21.89,0.98,0.26,33.25,67.04,Laterite Soil
4.63,278.97,27.93,85.14,61.23,7.63,1.56,20.58,72.8,Peaty Soil
4.58,192.67,34.43,92.29,64.57,7.53,1.79,16.45,84.51,Peaty Soil
7.31,158.09,58.98,197.92,51.56,2.28,1.13,20.53,68.51,Clayey Soil
6.33,138.86,43.27,174.12,57.43,3.3,1.19,23.67,80.02,Clayey Soil
4.35,232.67,27.25,78.91,48.38,6.29,1.85,24.05,82.41,Peaty Soil
6.88,201.49,60.35,193.64,32.11,1.84,0.75,24.09,64.55,Alluvial Soil
7.38,97.46,42.23,214.92,50.05,2.11,1.12,27.51,59.82,Black Soil
4.73,195.99,31.59,78.19,61.64,6.08,1.87,21.03,79.85,Peaty Soil
8.36,59.62,36.2,88.55,9.45,1.23,4.66,32.48,41.27,Saline Soil
3.99,223.81,30.85,95.4,59.6,6.12,1.97,20.17,87.48,Peaty Soil
6.39,58.34,20.91,101.2,11.48,0.55,0.23,35.09,38.06,Sandy Loam
6.34,45.55,18.66,92.82,13.87,0.74,0.29,33.46,49.03,Sandy Loam
8.64,89.42,32.03,145.58,15.58,0.62,5.09,26.35,59.25,Saline Soil
7.6,178.45,76.42,184.0,24.33,2.34,0.98,25.54,66.3,Alluvial Soil
6.85,67.35,22.97,79.04,12.91,0.65,0.23,24.67,51.11,Sandy Loam
6.3,107.39,65.46,185.46,55.77,3.75,1.19,29.11,69.42,Clayey Soil
7.25,85.66,15.13,65.02,10.69,0.48,0.3,28.12,58.58,Sandy Loam
5.31,64.83,7.9,84.41,13.91,0.85,0.28,32.99,79.48,Laterite Soil
5.34,55.03,5.0,79.8,12.71,1.01,0.42,28.22,76.3,Laterite Soil
8.38,116.59,41.71,236.95,55.4,2.11,0.88,22.3,58.15,Black Soil
7.14,119.59,53.93,206.48,51.0,3.48,1.09,15.9,74.15,Clayey Soil
7.82,92.45,43.22,265.5,49.19,2.0,1.19,21.92,59.04,Black Soil
7.77,92.77,38.42,198.56,44.0,2.01,0.94,28.73,49.64,Black Soil
7.36,115.14,49.75,173.44,49.88,3.46,1.1,19.1,75.36,Clayey Soil
7.8,55.38,24.01,241.19,49.07,2.05,0.98,32.65,50.68,Black Soil
4.51,201.91,34.55,83.87,61.45,7.33,1.51,26.63,81.34,Peaty Soil
5.4,50.25,18.0,66.08,19.45,1.12,0.24,26.4,82.57,Laterite Soil
4.63,193.09,38.72,109.49,56.61,9.5,2.04,18.65,89.1,Peaty Soil
4.89,258.51,32.25,82.01,63.53,6.38,2.15,21.83,91.76,Peaty Soil
7.94,103.26,40.31,236.37,44.93,2.29,1.03,28.88,44.83,Black Soil
7.22,200.32,72.56,170.13,29.48,3.17,0.84,26.43,68.82,Alluvial Soil
7.22,160.55,47.68,201.82,51.7,3.44,1.23,35.15,84.08,Clayey Soil
4.49,263.52,33.98,95.51,60.26,7.03,1.7,21.02,83.62,Peaty Soil
7.16,159.44,78.45,195.01,31.96,2.64,0.77,29.39,61.93,Alluvial Soil
7.18,128.96,62.03,174.54,27.49,2.66,1.02,28.74,64.0,Alluvial Soil
5.16,27.3,17.69,78.66,18.2,0.71,0.22,34.39,78.2,Laterite Soil
6.92,216.31,68.92,204.01,34.8,2.23,0.91,26.23,72.69,Alluvial Soil
7.52,167.25,61.76,165.64,30.0,2.99,0.86,23.27,74.09,Alluvial Soil
4.04,206.82,43.82,56.81,51.47,6.39,1.52,18.82,78.63,Peaty Soil
7.88,99.34,42.76,267.93,50.62,1.48,1.12,23.25,59.7,Black Soil
6.64,187.57,55.95,193.08,33.48,2.96,0.81,32.15,71.17,Alluvial Soil
4.89,33.61,14.07,106.18,21.07,1.08,0.39,36.5,66.49,Laterite Soil
8.91,61.07,32.59,186.35,13.69,0.76,2.23,26.07,39.42,Saline Soil
6.35,62.34,25.71,90.8,10.21,0.35,0.24,32.16,36.18,Sandy Loam
8.49,81.38,36.67,127.08,12.1,0.3,5.15,33.99,41.26,Saline Soil
8.35,47.74,40.46,156.05,17.79,0.54,3.3,32.21,38.58,Saline Soil
7.98,89.17,47.32,263.81,47.54,1.57,1.01,32.78,50.23,Black Soil
6.73,115.46,65.01,156.76,48.69,2.32,1.29,18.32,68.37,Clayey Soil
4.08,249.83,30.78,69.82,47.48,7.08,1.32,24.78,85.08,Peaty Soil
8.67,101.22,37.28,146.64,19.61,1.03,3.16,28.73,37.05,Saline Soil
8.98,80.94,23.81,86.77,11.11,0.83,4.22,31.16,34.68,Saline Soil
6.34,75.5,20.91,103.0,19.27,0.46,0.3,42.04,42.53,Sandy Loam
6.01,68.7,12.49,105.7,24.18,0.78,0.36,32.51,35.45,Red Soil
7.68,161.14,33.38,150.88,53.16,3.59,0.78,28.05,80.19,Clayey Soil
6.63,50.31,31.75,73.23,17.81,0.74,0.54,29.25,47.89,Red Soil
6.77,89.18,20.99,132.73,18.52,0.54,0.4,31.01,44.07,Red Soil
6.77,65.73,14.2,116.34,15.51,1.23,0.5,25.92,57.53,Red Soil
4.89,57.42,14.36,85.21,19.24,0.7,0.34,32.64,85.52,Laterite Soil
6.53,45.81,19.66,79.58,12.55,0.68,0.33,28.96,45.17,Sandy Loam
8.31,97.42,42.72,259.39,41.69,1.91,0.52,31.51,42.51,Black Soil
7.45,149.99,60.99,180.75,29.06,3.68,0.81,22.09,74.43,Alluvial Soil
8.4,93.35,34.01,274.92,44.57,2.2,0.89,27.76,58.95,Black Soil
6.79,98.79,37.6,295.74,46.1,1.42,0.94,23.82,58.79,Black Soil
6.23,64.91,27.71,110.43,17.95,1.27,0.51,35.35,58.67,Red Soil
7.32,154.07,62.72,168.73,25.78,3.26,1.04,21.61,71.94,Alluvial Soil
7.91,68.62,26.08,252.84,44.08,1.98,0.95,24.09,54.64,Black Soil
6.86,183.09,88.45,179.83,27.23,3.54,1.04,26.51,75.08,Alluvial Soil
8.88,93.01,42.87,117.12,16.62,0.83,3.9,33.86,49.09,Saline Soil
4.86,49.72,6.09,57.38,16.31,1.15,0.23,31.54,79.47,Laterite Soil
4.48,226.42,37.93,114.95,64.0,6.58,1.25,24.47,77.49,Peaty Soil
7.84,89.13,45.51,234.61,44.4,1.19,0.76,29.91,68.73,Black Soil
6.69,72.2,25.14,105.72,13.26,0.64,0.22,23.95,56.84,Sandy Loam
5.63,15.1,11.89,60.35,15.63,0.93,0.32,32.18,81.87,Laterite Soil
5.99,55.42,28.56,141.55,14.39,0.86,0.38,28.05,54.29,Red Soil
6.35,170.29,67.29,208.48,29.71,2.82,0.38,24.2,71.17,Alluvial Soil
7.49,196.13,81.42,166.05,35.09,3.33,0.49,22.36,53.73,Alluvial Soil
7.07,207.93,69.11,208.7,34.56,3.02,0.85,31.15,69.38,Alluvial Soil
5.37,34.58,16.34,82.28,18.27,0.91,0.21,32.78,74.01,Laterite Soil
4.16,68.9,23.43,82.13,25.18,0.61,0.45,28.1,79.55,Laterite Soil
6.14,39.8,18.05,69.17,14.61,0.56,0.29,35.88,41.3,Sandy Loam
6.45,46.35,28.55,76.96,13.27,0.58,0.22,33.54,39.71,Sandy Loam
5.67,52.62,22.84,63.51,21.29,1.01,0.32,34.95,74.5,Laterite Soil
7.0,45.55,22.04,92.73,16.75,0.62,0.27,33.39,32.99,Sandy Loam
7.73,112.19,41.65,218.71,48.96,2.06,1.02,28.33,54.7,Black Soil
6.41,129.87,40.31,124.71,55.45,3.53,1.15,19.1,86.3,Clayey Soil
9.14,60.87,38.6,121.77,19.27,0.97,3.93,40.84,47.96,Saline Soil
7.89,81.12,26.03,215.99,42.91,1.94,0.88,30.75,50.1,Black Soil
6.31,138.87,44.28,147.87,52.5,2.5,0.9,31.19,77.45,Clayey Soil
3.91,227.12,21.64,90.06,61.01,8.15,1.06,24.43,85.72,Peaty Soil
7.43,151.76,71.36,238.25,20.88,2.4,0.84,25.79,70.6,Alluvial Soil
5.17,233.49,16.12,109.07,56.79,6.86,1.8,14.82,85.04,Peaty Soil
8.19,112.17,52.97,317.07,44.22,1.94,0.87,28.01,67.26,Black Soil
6.93,172.96,48.87,167.44,27.48,2.42,0.74,27.32,78.85,Alluvial Soil
8.2,98.09,52.37,197.39,48.34,1.43,0.73,25.48,47.46,Black Soil
6.07,48.17,24.91,88.35,15.28,0.7,0.19,36.58,52.18,Sandy Loam
7.17,254.63,69.41,185.59,36.15,3.04,0.81,28.62,82.4,Alluvial Soil
6.3,163.83,65.23,148.02,51.11,3.41,1.37,29.63,61.36,Clayey Soil
7.19,75.72,59.2,195.18,46.95,2.3,0.7,28.74,62.5,Black Soil
6.48,68.45,24.57,110.92,31.02,1.45,0.59,31.16,49.42,Red Soil
6.31,69.3,25.33,50.78,13.73,0.71,0.26,30.24,43.52,Sandy Loam
6.6,53.97,19.82,90.13,16.69,0.73,0.26,32.66,39.12,Sandy Loam
5.81,61.52,41.1,91.28,30.28,1.23,0.46,31.31,69.5,Red Soil
4.69,201.39,24.56,76.2,68.03,7.26,1.76,22.6,77.74,Peaty Soil
7.98,159.79,54.92,177.02,22.44,2.54,0.64,27.03,70.39,Alluvial Soil
6.64,182.71,64.6,188.76,31.42,1.86,0.67,26.82,69.12,Alluvial Soil
6.99,150.55,57.4,185.32,51.6,3.21,1.19,28.05,82.45,Clayey Soil
8.49,87.41,39.42,126.99,13.55,0.62,3.15,25.64,40.67,Saline Soil
7.21,151.86,94.35,198.88,32.49,3.16,0.82,27.28,62.47,Alluvial Soil
6.39,43.51,18.69,109.78,14.06,0.48,0.24,27.28,41.65,Sandy Loam
8.45,62.38,26.95,115.19,18.11,0.59,3.43,34.85,40.95,Saline Soil
8.13,159.91,84.67,245.33,29.51,3.08,0.99,25.17,66.57,Alluvial Soil
5.77,68.26,41.29,107.5,25.12,1.11,0.39,28.56,46.57,Red Soil
5.71,78.36,33.24,96.86,15.32,1.1,0.43,27.84,51.76,Red Soil
7.72,150.38,54.24,196.44,47.16,1.66,0.75,22.64,58.46,Black Soil
6.12,79.47,19.94,134.31,19.57,1.48,0.39,25.6,44.11,Red Soil
8.63,72.49,31.96,175.15,16.56,0.83,3.11,33.69,42.77,Saline Soil
7.47,144.54,43.87,149.23,37.68,2.52,1.13,24.53,69.29,Alluvial Soil
6.31,202.31,50.47,216.92,32.06,2.32,0.69,28.9,68.74,Alluvial Soil
5.99,34.05,16.58,34.62,17.45,1.01,0.36,31.23,83.78,Laterite Soil
6.56,44.47,13.31,85.91,17.03,0.82,0.27,37.84,37.45,Sandy Loam
7.87,84.58,37.67,264.37,43.41,1.86,1.38,22.31,40.19,Black Soil
5.48,55.35,14.97,96.36,13.75,0.83,0.38,28.83,80.01,Laterite Soil
5.12,35.57,13.05,61.8,18.66,0.87,0.42,32.16,60.4,Laterite Soil
4.47,234.91,30.38,91.86,56.41,8.08,1.87,21.56,82.54,Peaty Soil
8.36,69.68,47.27,214.21,38.92,1.99,1.15,24.62,43.01,Black Soil
8.8,81.7,41.54,138.45,17.51,0.99,3.71,32.97,21.01,Saline Soil
7.69,61.76,38.14,276.03,44.32,1.56,1.14,26.68,50.92,Black Soil
8.54,85.5,30.35,63.96,19.82,1.14,3.74,27.73,36.77,Saline Soil
4.26,207.45,29.73,76.31,48.81,5.85,2.17,22.24,86.17,Peaty Soil
6.94,51.46,28.13,70.04,19.05,0.51,0.22,32.81,42.64,Sandy Loam
5.82,83.48,22.22,150.62,28.35,1.18,0.45,33.42,57.31,Red Soil
8.07,85.36,46.6,307.73,50.08,1.88,0.91,26.57,64.45,Black Soil
6.89,174.29,53.07,118.13,31.14,4.01,0.87,26.43,66.16,Alluvial Soil
9.05,106.88,38.8,179.52,16.57,0.71,5.08,33.95,31.38,Saline Soil
5.69,67.62,29.15,94.77,11.66,0.61,0.23,28.73,32.32,Sandy Loam
6.99,221.84,81.09,156.01,35.73,3.21,0.58,29.37,78.77,Alluvial Soil
5.75,82.8,29.73,109.79,24.34,1.24,0.62,27.75,44.35,Red Soil
8.17,96.08,45.49,283.73,39.34,1.76,0.8,29.52,64.84,Black Soil
8.26,142.56,47.38,241.73,49.61,1.75,1.43,28.72,52.82,Black Soil
7.33,229.41,46.23,243.52,32.47,2.35,0.55,25.84,74.45,Alluvial Soil
7.02,151.44,47.49,222.16,45.78,4.28,1.45,30.65,62.09,Clayey Soil
8.29,83.13,46.03,174.49,18.9,0.68,3.95,33.38,36.83,Saline Soil
5.84,77.07,18.57,65.14,14.2,0.46,0.23,31.99,22.57,Sandy Loam
8.41,79.94,37.36,86.17,11.32,0.77,3.66,35.99,23.54,Saline Soil
8.8,127.81,35.9,187.31,17.14,0.73,4.31,27.11,40.75,Saline Soil
4.3,241.51,37.28,69.27,63.26,7.36,1.42,18.24,85.64,Peaty Soil
7.5,43.9,34.72,273.48,48.58,1.81,0.95,25.24,56.64,Black Soil
7.52,159.76,50.36,196.11,68.46,3.47,0.82,21.95,78.69,Clayey Soil
6.45,56.53,22.64,99.85,12.44,1.2,0.42,33.19,38.66,Red Soil
7.83,68.4,40.5,185.25,12.31,0.49,4.22,23.7,34.0,Saline Soil
8.9,117.13,41.08,128.61,17.26,0.89,3.45,30.86,47.9,Saline Soil
7.2,48.23,21.65,70.15,14.02,0.55,0.3,35.14,21.79,Sandy Loam
5.64,53.01,13.44,79.87,12.18,0.66,0.24,27.35,46.96,Sandy Loam
5.06,33.06,18.83,90.46,14.55,1.17,0.18,37.35,75.33,Laterite Soil
7.77,205.36,42.91,156.61,29.19,2.81,0.83,23.96,69.31,Alluvial Soil
9.23,59.71,44.45,148.42,19.86,1.1,4.26,30.74,38.6,Saline Soil
6.82,163.97,50.86,170.38,49.12,3.66,1.24,27.15,69.66,Clayey Soil
6.26,43.26,27.75,80.08,13.98,0.6,0.28,28.61,34.26,Sandy Loam
7.26,165.25,60.2,193.66,48.7,3.28,0.9,23.26,79.13,Clayey Soil
6.63,49.06,28.15,74.37,15.6,0.6,0.16,26.37,38.56,Sandy Loam
7.86,84.23,33.3,237.62,47.82,2.74,0.65,32.64,62.78,Black Soil
8.12,107.66,61.39,228.96,41.29,2.0,0.79,33.93,52.73,Black Soil
7.78,101.66,40.89,256.02,43.52,1.83,0.75,27.86,48.51,Black Soil
8.28,88.23,42.17,198.99,54.48,2.66,0.98,32.09,56.4,Black Soil
8.81,86.42,38.6,152.36,15.79,0.6,4.59,38.12,33.49,Saline Soil
9.3,53.05,36.04,150.02,17.98,0.57,5.46,32.05,28.22,Saline Soil
6.41,164.14,37.55,161.09,53.74,3.43,1.34,18.69,86.39,Clayey Soil
4.12,218.3,40.21,87.32,58.01,7.26,1.78,18.74,84.67,Peaty Soil
7.66,112.24,17.59,234.77,38.85,1.71,0.89,26.57,50.58,Black Soil
5.63,38.33,8.29,112.75,26.44,0.9,0.2,33.89,77.3,Laterite Soil
7.26,169.48,68.48,257.26,35.92,2.64,0.93,25.07,53.73,Alluvial Soil
6.1,69.38,33.25,65.67,22.27,1.01,0.35,26.68,46.18,Red Soil
4.63,226.15,29.76,105.55,62.04,7.85,1.79,23.29,82.55,Peaty Soil
4.83,53.51,24.65,65.57,15.48,0.87,0.28,32.95,75.05,Laterite Soil
6.77,196.48,76.25,146.77,28.57,2.42,0.61,29.4,66.64,Alluvial Soil
7.15,103.25,33.18,199.63,37.56,1.18,0.68,25.16,70.63,Black Soil
5.74,57.18,15.26,82.09,13.6,0.85,0.17,34.32,42.78,Sandy Loam
9.32,73.81,41.21,85.52,12.77,0.45,4.05,41.69,42.14,Saline Soil
4.3,195.33,23.69,86.32,65.01,6.57,1.39,16.22,93.32,Peaty Soil
8.54,82.95,41.89,146.21,16.16,0.8,4.01,32.35,48.13,Saline Soil
4.24,232.16,39.62,93.86,60.75,6.53,1.57,21.35,86.61,Peaty Soil
7.24,216.95,58.78,170.75,29.74,3.26,0.8,24.65,71.59,Alluvial Soil
6.27,71.52,25.29,92.84,16.97,0.71,0.39,34.33,37.81,Sandy Loam
6.59,41.08,16.82,115.11,11.76,0.48,0.38,34.75,52.19,Sandy Loam
6.6,89.12,26.8,134.17,22.36,1.12,0.56,29.77,65.49,Red Soil
7.31,190.46,81.82,214.51,25.24,3.33,0.6,25.16,69.75,Alluvial Soil
7.23,128.83,38.59,127.95,58.32,2.83,1.07,28.62,61.9,Clayey Soil
7.68,95.81,42.46,222.44,39.14,2.03,0.94,30.0,50.73,Black Soil
7.11,152.12,49.98,138.75,53.47,3.73,1.33,25.22,71.97,Clayey Soil
6.02,82.61,22.22,99.16,13.36,0.7,0.67,35.74,48.56,Red Soil
6.46,68.37,21.56,95.93,16.76,0.69,0.28,33.98,35.15,Sandy Loam
8.92,62.81,26.22,134.12,15.94,0.7,2.79,38.89,35.53,Saline Soil
5.03,41.03,11.34,95.93,20.44,0.44,0.36,33.77,78.81,Laterite Soil
6.09,57.48,24.43,97.54,15.28,0.68,0.29,33.53,35.13,Sandy Loam
5.94,58.76,30.36,98.01,27.9,0.72,0.63,29.08,50.54,Red Soil
7.31,218.32,63.69,207.05,35.11,2.6,0.78,26.54,68.68,Alluvial Soil
6.17,64.03,28.82,113.33,18.8,0.83,0.4,30.39,53.09,Red Soil
8.79,104.56,43.34,281.35,57.72,2.25,1.14,28.52,53.87,Black Soil
8.22,42.89,39.85,213.61,12.75,0.79,5.03,26.92,33.68,Saline Soil
5.29,45.4,16.36,63.35,21.19,0.62,0.37,31.62,77.71,Laterite Soil
4.59,50.18,19.93,72.52,21.0,0.87,0.26,29.3,83.27,Laterite Soil
5.96,87.15,28.75,91.45,23.67,1.16,0.15,31.13,51.33,Red Soil
8.14,92.53,37.33,228.07,48.14,1.93,0.83,27.34,55.63,Black Soil
7.71,91.15,49.53,228.76,38.07,2.36,0.78,27.77,58.57,Black Soil
8.43,108.24,58.04,182.02,43.38,1.61,1.09,23.8,61.06,Black Soil
6.39,96.16,32.65,114.51,22.55,1.52,0.35,29.07,44.15,Red Soil
4.75,31.75,19.92,75.01,19.56,0.82,0.19,32.54,90.49,Laterite Soil
5.41,65.73,21.02,99.8,16.83,0.97,0.4,29.87,34.27,Red Soil
7.35,119.4,36.5,257.66,38.18,1.43,1.24,26.61,66.63,Black Soil
4.66,44.78,20.67,69.4,12.65,0.73,0.21,31.8,80.07,Laterite Soil
3.94,228.23,28.05,79.25,65.34,5.86,1.71,25.08,87.1,Peaty Soil
6.35,75.02,46.77,148.34,53.68,5.37,1.32,33.58,78.27,Clayey Soil
4.7,43.41,16.76,56.93,16.78,0.57,0.29,27.78,72.48,Laterite Soil
6.59,64.34,12.4,80.5,16.75,1.36,0.2,32.28,37.43,Sandy Loam
7.11,149.17,48.14,174.77,52.51,3.27,1.1,31.82,80.07,Clayey Soil
8.54,64.27,35.2,194.14,14.39,0.49,3.82,32.52,44.19,Saline Soil
5.61,48.76,13.7,85.87,17.43,1.01,0.08,31.02,75.01,Laterite Soil
7.24,130.05,44.32,116.4,52.49,3.02,1.17,15.95,75.27,Clayey Soil
5.54,64.84,27.35,67.01,15.99,1.05,0.36,33.33,90.28,Laterite Soil
4.52,210.59,33.01,98.63,52.87,5.99,1.78,21.57,83.79,Peaty Soil
7.06,166.38,69.79,193.87,36.96,2.86,0.77,25.23,67.6,Alluvial Soil
4.95,58.55,14.55,52.43,13.96,0.48,0.38,26.46,79.78,Laterite Soil
6.63,76.12,18.37,99.58,32.18,1.32,0.73,34.8,50.06,Red Soil
6.53,57.35,13.88,71.17,14.19,0.61,0.27,29.14,35.09,Sandy Loam
8.99,90.25,28.98,147.13,16.4,0.55,3.37,29.28,56.33,Saline Soil
3.96,257.73,20.9,102.77,54.63,7.23,1.92,21.96,78.4,Peaty Soil
8.88,65.49,34.7,126.03,16.67,0.63,3.65,29.28,42.53,Saline Soil
7.32,185.6,81.37,198.76,30.07,2.86,0.83,26.67,68.28,Alluvial Soil
5.12,60.74,20.96,72.5,21.17,0.95,0.27,30.63,77.04,Laterite Soil
6.18,80.15,27.74,115.15,25.43,1.29,0.43,34.64,27.9,Red Soil
6.29,81.56,43.35,131.03,20.78,0.83,0.38,27.25,53.57,Red Soil
6.41,41.87,36.26,133.15,21.37,1.03,0.5,38.2,33.01,Red Soil
6.89,190.77,44.56,162.05,51.75,2.99,1.42,15.7,70.02,Clayey Soil
4.79,43.97,12.77,71.66,17.08,1.31,0.21,31.31,79.61,Laterite Soil
7.98,89.54,40.03,266.82,40.8,2.68,0.59,25.61,57.96,Black Soil
4.51,234.59,18.59,64.27,55.93,7.53,0.87,23.87,83.02,Peaty Soil
6.65,46.01,16.48,81.63,10.13,0.46,0.29,26.44,45.41,Sandy Loam
7.12,80.81,12.3,84.94,17.66,1.17,0.33,28.95,33.93,Sandy Loam
5.45,46.3,9.03,74.23,13.12,1.4,0.22,30.51,79.68,Laterite Soil
5.82,59.4,18.95,111.85,16.89,0.75,0.4,27.64,43.43,Red Soil
5.62,85.32,20.61,86.9,17.54,1.33,0.38,24.38,42.85,Red Soil
4.46,218.43,32.92,88.98,59.03,6.17,1.67,24.82,81.88,Peaty Soil
6.88,173.17,47.91,184.76,51.51,2.63,1.33,20.17,74.16,Clayey Soil
8.08,72.77,40.86,161.66,19.62,0.42,4.37,37.7,50.0,Saline Soil
8.62,107.49,36.43,123.59,20.09,0.8,4.92,27.73,47.35,Saline Soil
8.83,89.81,34.93,146.6,15.74,0.46,4.32,29.67,25.87,Saline Soil
7.67,88.04,36.28,247.29,47.8,1.54,1.2,24.08,42.06,Black Soil
7.41,210.67,63.8,188.89,28.05,2.39,0.72,27.79,74.4,Alluvial Soil
7.2,167.33,59.35,201.96,25.48,2.1,0.64,25.75,70.18,Alluvial Soil
4.41,238.16,32.02,141.75,51.89,7.68,2.01,22.98,81.42,Peaty Soil
6.76,77.37,26.4,84.99,17.88,1.49,0.47,27.41,52.33,Red Soil
7.03,169.01,82.36,200.9,36.64,2.06,0.79,29.61,68.58,Alluvial Soil
4.35,204.41,37.76,102.12,56.37,6.93,1.14,19.24,93.54,Peaty Soil
5.02,65.24,24.48,70.49,16.29,0.63,0.36,30.39,75.49,Laterite Soil
8.19,116.68,39.0,159.55,10.68,0.92,4.58,38.5,35.2,Saline Soil
6.79,54.22,13.66,94.61,13.27,0.66,0.36,33.7,57.37,Sandy Loam
4.76,44.36,25.49,70.65,11.96,0.83,0.29,34.6,78.09,Laterite Soil
5.41,60.09,20.87,67.04,21.0,0.93,0.31,29.16,74.77,Laterite Soil
7.35,170.76,69.53,194.12,37.07,2.77,0.48,30.92,61.66,Alluvial Soil
7.69,98.53,46.91,164.0,45.96,1.96,0.89,33.17,58.37,Black Soil
6.28,143.23,57.93,185.75,51.72,3.26,1.26,24.93,72.06,Clayey Soil
7.56,84.39,37.87,269.98,54.39,1.58,1.17,19.32,45.45,Black Soil
9.24,95.91,44.8,117.26,12.32,0.86,3.19,30.84,44.94,Saline Soil
6.15,63.52,30.31,70.08,14.74,0.81,0.21,29.9,44.41,Sandy Loam
4.66,32.79,18.53,66.32,21.72,1.04,0.29,27.53,81.32,Laterite Soil
6.84,194.38,51.69,164.64,56.16,3.19,1.17,28.93,74.14,Clayey Soil
4.03,213.68,43.68,95.63,69.06,6.69,1.51,21.28,84.49,Peaty Soil
6.51,73.1,22.87,83.58,12.45,0.62,0.23,26.79,48.21,Sandy Loam
7.44,173.91,43.44,172.78,55.24,4.31,1.33,25.02,79.0,Clayey Soil
5.23,41.95,17.24,40.54,19.29,0.94,0.31,22.08,69.77,Laterite Soil
6.95,139.67,71.73,150.09,52.7,3.14,0.79,31.67,65.14,Clayey Soil
8.37,80.65,27.31,113.21,7.63,1.13,4.62,31.53,31.99,Saline Soil
8.73,55.03,31.35,178.86,17.04,0.78,3.78,36.75,52.96,Saline Soil
5.59,140.32,29.7,188.31,49.34,2.11,0.95,22.0,82.93,Clayey Soil
5.64,73.93,19.08,49.84,17.42,0.95,0.31,27.26,67.4,Laterite Soil
6.95,128.73,40.45,147.98,55.67,4.58,1.5,19.29,80.41,Clayey Soil
5.66,36.16,31.02,113.83,18.65,0.61,0.53,28.49,52.73,Red Soil
6.5,58.51,26.15,118.05,13.62,0.38,0.49,31.37,65.55,Red Soil
6.74,195.96,61.06,213.1,29.55,2.72,0.76,22.99,73.19,Alluvial Soil
5.7,74.04,26.49,84.09,26.59,0.91,0.23,34.55,43.71,Red Soil
4.16,261.62,43.82,93.42,55.26,6.1,2.06,25.33,92.97,Peaty Soil
4.93,62.54,18.6,63.0,22.54,0.9,0.3,31.53,71.04,Laterite Soil
8.2,58.64,39.32,153.94,13.53,0.51,5.28,33.43,25.73,Saline Soil
4.81,44.22,19.21,88.85,22.28,0.64,0.23,34.95,82.2,Laterite Soil
4.47,54.89,20.9,42.05,21.29,1.07,0.28,34.76,85.39,Laterite Soil
8.59,41.41,33.86,107.36,18.11,0.41,4.96,30.36,33.11,Saline Soil
4.87,45.97,16.41,62.15,20.5,1.2,0.34,31.31,71.59,Laterite Soil
5.13,50.27,21.82,68.73,11.91,0.97,0.21,28.11,78.0,Laterite Soil
6.59,139.41,45.42,196.02,53.67,3.64,0.83,28.09,52.85,Clayey Soil
5.03,244.6,29.04,96.08,59.65,6.76,1.75,22.12,83.26,Peaty Soil
6.08,102.39,28.64,101.63,18.6,1.59,0.36,32.29,43.25,Red Soil
7.3,152.42,39.17,206.66,43.22,2.8,0.88,26.79,67.31,Alluvial Soil
4.07,236.76,35.49,102.59,51.92,6.93,1.36,24.53,84.11,Peaty Soil
6.6,64.23,27.56,120.62,25.12,1.0,0.63,21.38,54.46,Red Soil
5.82,47.4,20.97,84.0,24.78,0.89,0.46,28.05,37.21,Red Soil
4.54,209.07,22.63,79.01,64.46,5.55,1.38,25.13,87.72,Peaty Soil
6.96,146.85,60.04,202.81,27.66,2.32,0.8,26.33,68.23,Alluvial Soil
6.79,152.24,86.03,223.07,37.72,3.16,0.58,24.66,71.43,Alluvial Soil
7.89,106.53,43.11,236.04,39.5,1.99,0.8,19.24,64.56,Black Soil
8.66,99.95,29.94,150.23,16.73,0.52,5.16,30.22,47.16,Saline Soil
8.06,49.66,27.33,195.99,23.08,0.8,4.31,30.65,29.59,Saline Soil
4.3,217.94,28.62,87.83,55.28,6.61,1.3,26.07,80.6,Peaty Soil
8.24,95.93,44.06,277.6,47.12,2.26,0.89,33.25,57.57,Black Soil
5.34,52.95,10.91,69.68,16.36,0.73,0.2,34.38,88.41,Laterite Soil
4.61,246.64,25.24,62.84,61.24,7.3,1.5,22.83,82.55,Peaty Soil
6.52,57.91,8.6,77.08,18.51,0.65,0.26,30.57,44.84,Sandy Loam
8.21,65.62,33.86,176.75,44.63,1.88,0.97,28.25,47.58,Black Soil
8.58,60.13,29.2,153.1,11.45,0.78,4.61,35.94,25.41,Saline Soil
5.14,40.96,22.21,66.38,18.16,0.43,0.17,31.02,69.39,Laterite Soil
6.23,49.09,26.41,112.34,13.53,0.73,0.26,24.02,49.74,Sandy Loam
5.81,65.1,42.02,103.23,22.37,1.26,0.33,26.25,37.75,Red Soil
4.36,242.53,40.5,62.54,61.43,7.81,1.08,20.96,79.15,Peaty Soil
6.42,133.5,54.08,160.04,47.02,2.93,1.45,24.86,78.59,Clayey Soil
6.7,149.65,78.9,218.75,34.81,3.11,0.75,23.36,68.53,Alluvial Soil
8.39,66.35,37.46,134.44,14.18,0.65,3.69,32.8,25.29,Saline Soil
8.96,96.6,39.73,74.27,16.41,0.73,4.33,28.98,26.08,Saline Soil
7.89,100.18,27.36,138.38,17.91,1.07,3.39,30.21,50.44,Saline Soil
5.98,52.62,15.29,98.69,24.41,1.48,0.59,26.4,38.19,Red Soil
6.97,136.65,46.33,189.1,51.78,2.61,0.67,20.05,91.95,Clayey Soil
4.94,43.0,25.03,78.21,11.14,0.68,0.23,29.36,81.66,Laterite Soil
7.91,107.38,28.85,191.28,19.56,0.61,3.4,31.23,37.06,Saline Soil
6.37,66.6,24.49,92.1,13.45,0.36,0.28,30.77,43.94,Sandy Loam
7.63,71.99,33.94,193.22,52.68,2.52,1.01,32.89,56.07,Black Soil
6.28,58.79,26.04,79.14,20.59,1.43,0.53,34.83,45.43,Red Soil
8.05,95.71,29.08,193.95,47.41,1.05,1.15,27.37,80.94,Black Soil
7.44,129.57,52.22,118.89,45.67,3.77,1.24,30.14,84.07,Clayey Soil
6.91,170.44,56.73,175.02,47.4,3.8,1.23,28.49,74.35,Clayey Soil
6.34,65.1,19.8,114.45,15.08,1.11,0.28,31.25,40.14,Red Soil
7.77,64.92,60.32,256.41,43.54,2.43,0.76,29.63,53.62,Black Soil
7.12,183.0,72.36,164.32,30.84,1.97,0.81,28.77,64.62,Alluvial Soil
7.74,82.54,24.28,243.62,56.21,2.01,0.95,29.29,54.91,Black Soil
7.92,130.33,63.35,151.47,59.38,2.98,0.85,23.27,70.01,Clayey Soil
4.26,187.94,27.27,112.21,58.68,5.4,1.21,25.26,87.68,Peaty Soil
6.89,182.4,59.45,181.97,30.61,2.91,0.68,30.9,61.74,Alluvial Soil
7.16,60.61,16.24,66.69,16.28,0.76,0.38,27.63,44.37,Sandy Loam
6.25,82.36,26.85,136.44,21.03,1.12,0.42,32.1,44.42,Red Soil
7.01,125.15,56.96,149.17,50.08,4.53,1.05,21.2,82.78,Clayey Soil
7.01,144.62,59.95,184.72,28.39,2.72,0.81,33.1,69.22,Alluvial Soil
6.05,180.08,68.93,222.73,27.44,2.84,0.61,27.39,61.73,Alluvial Soil
5.14,44.58,13.14,74.4,20.49,0.77,0.12,34.81,79.24,Laterite Soil
5.18,47.68,8.11,75.42,18.75,1.01,0.24,29.69,68.39,Laterite Soil
7.35,162.99,42.62,209.97,45.01,3.03,1.27,21.01,75.98,Clayey Soil
5.12,203.75,32.76,90.9,61.48,7.43,1.67,21.38,82.61,Peaty Soil
4.27,208.29,24.82,90.49,57.47,6.39,1.5,19.34,87.21,Peaty Soil
4.07,247.74,26.4,104.21,59.56,8.47,1.78,24.84,87.21,Peaty Soil
6.68,129.22,26.5,179.65,54.61,4.36,0.95,20.95,53.9,Clayey Soil
8.66,49.85,24.99,161.49,15.28,0.73,3.74,34.01,35.29,Saline Soil
6.32,133.81,49.41,199.94,55.34,3.56,1.15,20.29,57.64,Clayey Soil
5.72,90.58,28.99,95.2,23.52,1.37,0.53,25.59,43.89,Red Soil
8.07,105.19,40.79,141.72,9.52,0.96,3.76,33.38,38.62,Saline Soil
6.31,71.19,25.98,114.03,17.23,1.13,0.47,23.79,56.46,Red Soil
7.7,74.18,49.65,254.62,46.54,2.05,1.01,33.14,65.36,Black Soil
8.09,56.77,27.25,138.46,19.44,0.98,2.96,29.23,31.52,Saline Soil
6.22,58.68,25.14,103.59,11.02,0.6,0.28,33.28,34.73,Sandy Loam
7.52,142.02,31.01,181.47,34.48,3.4,0.68,25.06,76.08,Alluvial Soil
6.88,104.42,31.02,169.39,31.84,2.23,0.98,27.1,66.11,Black Soil
4.68,54.43,16.09,81.95,18.35,0.87,0.23,33.97,70.49,Laterite Soil
5.86,67.1,35.35,96.56,24.03,1.1,0.43,30.45,44.68,Red Soil
4.51,228.73,35.17,86.28,55.64,7.79,1.41,24.17,91.08,Peaty Soil
7.09,68.86,16.93,72.9,17.02,0.55,0.36,32.49,42.41,Sandy Loam
6.6,72.94,20.7,53.17,15.14,0.48,0.18,24.96,46.81,Sandy Loam
6.49,50.98,24.6,81.35,10.14,0.56,0.31,30.68,41.34,Sandy Loam
7.57,82.81,35.05,269.06,50.5,2.08,1.19,23.29,68.34,Black Soil
4.51,264.94,34.68,94.2,59.07,7.28,1.37,19.36,92.84,Peaty Soil
5.53,60.43,13.95,54.98,17.51,1.24,0.35,33.11,83.78,Laterite Soil
5.39,135.32,49.12,163.76,54.54,3.93,1.4,25.56,60.49,Clayey Soil
7.98,117.56,49.11,273.93,47.63,1.34,0.91,32.24,54.59,Black Soil
8.42,89.76,30.87,160.3,16.3,0.73,3.02,28.72,43.42,Saline Soil
5.53,49.95,22.3,98.29,16.44,0.8,0.47,35.33,67.13,Laterite Soil
4.29,265.18,23.67,95.5,65.56,6.16,1.5,28.54,87.61,Peaty Soil
6.02,69.82,21.15,77.06,23.76,1.31,0.64,26.5,53.89,Red Soil
6.83,72.77,19.99,59.49,15.13,0.37,0.29,28.62,51.75,Sandy Loam
8.62,53.27,48.01,169.29,20.58,0.84,2.63,38.14,30.23,Saline Soil
5.38,92.35,42.38,143.94,19.72,0.75,0.32,23.1,47.09,Red Soil
5.31,42.16,12.91,61.97,16.91,0.76,0.47,34.16,84.66,Laterite Soil
5.11,238.06,27.11,84.04,55.35,6.39,0.74,21.21,84.23,Peaty Soil
6.4,46.82,25.46,116.52,23.03,1.55,0.4,35.12,42.4,Red Soil
6.9,132.96,46.6,146.68,48.99,3.19,1.03,21.7,89.74,Clayey Soil
7.52,164.86,86.91,215.34,29.8,3.88,0.66,29.1,70.1,Alluvial Soil
4.28,213.91,43.98,120.19,54.02,6.93,1.72,22.11,94.98,Peaty Soil
8.52,95.24,39.98,207.49,60.68,1.47,0.86,29.66,59.8,Black Soil
6.0,143.73,55.8,208.38,58.29,3.92,0.61,27.22,79.29,Clayey Soil
6.38,90.88,28.78,139.0,15.84,0.97,0.42,29.06,48.71,Red Soil
4.88,41.64,17.63,80.5,13.47,0.99,0.24,30.95,77.77,Laterite Soil
5.7,71.35,36.15,130.36,21.13,0.99,0.56,32.06,42.74,Red Soil
7.97,84.07,38.36,215.98,38.84,1.96,1.07,30.06,61.56,Black Soil
8.34,108.16,46.85,265.05,57.97,2.77,0.81,34.5,58.07,Black Soil
5.3,45.6,16.05,106.5,21.79,0.66,0.35,31.36,80.55,Laterite Soil
4.65,61.85,20.3,89.68,17.41,0.69,0.21,32.08,71.24,Laterite Soil
8.14,79.9,42.61,169.3,53.21,1.7,0.96,26.76,64.17,Black Soil
7.64,93.11,47.52,239.11,44.91,1.92,0.83,26.63,38.31,Black Soil
8.83,95.1,42.89,105.44,16.82,1.13,4.13,33.93,45.02,Saline Soil
6.32,148.04,40.95,183.39,46.27,3.21,0.79,33.88,61.6,Clayey Soil
6.79,76.31,40.94,121.88,25.04,1.0,0.45,32.96,61.71,Red Soil
6.46,103.0,10.94,109.64,12.4,0.36,0.24,31.67,50.3,Sandy Loam
5.16,31.7,17.33,61.23,20.93,1.49,0.34,25.03,75.65,Laterite Soil
4.7,283.88,20.69,115.27,55.52,7.11,1.02,23.07,73.97,Peaty Soil
7.03,202.09,72.83,147.71,38.64,3.49,0.66,27.89,71.46,Alluvial Soil
6.47,60.55,34.05,50.43,18.26,0.82,0.3,28.68,51.28,Red Soil
4.29,241.55,22.95,72.33,60.28,8.01,1.59,23.01,89.17,Peaty Soil
6.65,60.88,16.01,92.17,18.7,0.66,0.17,30.63,32.29,Sandy Loam
5.26,34.67,23.78,95.31,14.14,1.19,0.29,32.26,74.77,Laterite Soil
6.23,45.64,23.35,103.57,9.45,0.91,0.27,27.42,29.2,Sandy Loam
6.53,65.41,19.34,138.04,20.64,1.62,0.18,30.24,64.31,Red Soil
7.29,181.92,49.6,224.89,29.78,2.02,0.69,31.75,73.95,Alluvial Soil
7.59,88.02,40.41,138.52,54.36,1.54,1.05,27.65,65.06,Black Soil
4.35,267.17,19.52,82.16,56.22,6.02,1.91,22.63,81.09,Peaty Soil
4.29,202.12,24.55,91.49,59.12,5.52,1.74,20.35,88.96,Peaty Soil
4.34,211.8,18.07,72.94,53.76,5.7,1.48,18.06,84.1,Peaty Soil
7.75,103.11,39.64,259.46,36.48,1.73,1.29,24.93,50.17,Black Soil
7.58,67.12,44.32,278.64,48.38,1.9,0.83,23.63,61.68,Black Soil
6.65,157.06,77.21,203.14,34.48,2.97,0.81,21.86,75.33,Alluvial Soil
7.23,161.29,83.61,198.47,37.31,2.83,1.06,32.64,66.26,Alluvial Soil
6.47,95.25,30.75,86.07,20.53,0.76,0.53,24.37,45.45,Red Soil
6.16,77.13,36.19,73.59,23.22,1.02,0.47,33.53,37.85,Red Soil
6.91,110.0,28.68,134.57,21.88,1.25,0.41,30.24,52.57,Red Soil
5.03,71.97,20.47,59.51,19.37,1.04,0.25,34.27,80.48,Laterite Soil
4.68,44.29,12.03,45.67,22.06,0.53,0.29,33.26,74.0,Laterite Soil
7.18,131.01,49.06,200.91,35.32,2.89,0.73,25.45,57.65,Alluvial Soil
7.73,140.95,55.02,153.77,47.53,3.69,1.2,21.24,63.21,Clayey Soil
8.24,54.86,32.8,189.17,14.38,0.51,4.69,32.69,18.93,Saline Soil
5.01,47.23,14.02,76.98,20.65,1.15,0.18,30.26,80.9,Laterite Soil
5.9,62.07,20.47,100.51,12.94,0.88,0.41,31.82,47.66,Red Soil
7.39,100.44,37.07,305.4,46.17,1.58,0.72,32.36,50.43,Black Soil
6.47,138.19,70.15,172.52,59.94,3.53,1.05,29.39,77.28,Clayey Soil
9.07,55.04,39.0,185.15,17.63,0.86,3.85,32.88,49.13,Saline Soil
8.72,93.53,30.35,198.82,16.06,0.41,3.99,32.25,42.04,Saline Soil
8.51,98.52,34.97,173.61,17.08,0.66,4.27,33.89,39.25,Saline Soil
5.86,48.2,19.0,73.93,15.62,1.26,0.26,27.62,75.07,Laterite Soil
7.72,92.29,35.1,200.52,47.55,1.39,0.87,24.02,59.4,Black Soil
7.07,203.88,53.17,210.12,29.61,2.4,0.73,22.88,64.12,Alluvial Soil
4.48,59.48,21.87,121.72,17.94,1.04,0.64,33.28,55.67,Red Soil
6.79,57.49,25.21,77.84,11.86,0.89,0.14,34.18,37.04,Sandy Loam
6.56,63.59,28.25,109.37,13.23,1.03,0.16,32.26,35.61,Sandy Loam
7.06,28.39,26.74,147.97,21.46,1.33,0.46,26.96,28.94,Red Soil
4.9,46.35,16.44,84.9,25.45,0.88,0.28,30.22,78.81,Laterite Soil
4.82,46.87,10.56,76.4,22.87,0.88,0.42,35.0,83.06,Laterite Soil
6.9,58.74,21.58,75.87,13.12,0.64,0.37,38.77,43.6,Sandy Loam
5.43,58.73,38.64,112.88,24.36,1.72,0.37,29.12,45.68,Red Soil
8.11,136.47,28.69,284.07,51.73,1.51,1.15,29.34,53.18,Black Soil
8.22,66.17,51.05,156.9,18.98,0.93,4.12,30.24,40.24,Saline Soil
6.77,178.07,69.09,203.3,35.72,2.81,0.97,25.57,87.04,Alluvial Soil
7.84,78.48,42.83,185.24,46.72,2.25,0.7,21.87,67.64,Black Soil
7.11,197.05,61.28,204.72,31.41,2.85,0.84,23.64,82.65,Alluvial Soil
3.9,301.46,20.48,123.01,57.1,6.33,1.8,25.51,78.7,Peaty Soil
8.74,116.32,48.51,243.91,51.04,2.11,0.96,26.79,54.35,Black Soil
4.97,250.5,29.79,122.29,54.46,6.02,1.39,23.07,80.81,Peaty Soil
5.96,90.62,33.65,45.25,17.18,1.38,0.47,25.61,42.61,Red Soil
7.18,65.13,27.12,110.2,11.74,0.38,0.29,24.52,61.63,Sandy Loam
6.33,58.11,23.9,78.68,14.16,0.86,0.2,32.55,43.38,Sandy Loam
8.12,60.6,42.84,223.6,42.21,2.44,0.82,24.77,55.61,Black Soil
7.17,134.68,61.24,130.71,44.1,3.17,0.93,22.19,72.35,Clayey Soil
4.49,213.55,19.1,91.72,50.99,5.46,1.59,19.21,86.9,Peaty Soil
7.29,217.1,69.27,185.61,32.0,2.17,0.84,29.59,64.84,Alluvial Soil
5.98,69.59,41.67,125.11,26.84,1.28,0.36,29.95,50.01,Red Soil
6.88,155.13,36.23,147.66,59.62,1.92,1.11,28.1,73.3,Clayey Soil
7.62,219.04,65.38,172.4,34.07,2.46,1.05,26.98,65.44,Alluvial Soil
7.9,153.91,53.26,182.67,50.08,4.18,1.05,17.14,71.07,Clayey Soil
7.87,100.9,50.57,211.62,47.83,1.6,1.12,28.61,57.39,Black Soil
4.33,222.6,33.17,102.64,55.13,5.46,1.96,18.14,86.49,Peaty Soil
4.97,58.63,18.85,82.71,15.84,0.64,0.38,30.76,79.85,Laterite Soil
7.75,90.36,41.37,264.12,42.58,1.79,0.95,28.6,55.78,Black Soil
6.87,40.65,34.5,56.94,10.32,0.6,0.41,29.21,41.74,Sandy Loam
6.18,70.62,24.01,91.34,13.52,0.77,0.1,24.54,45.34,Sandy Loam
6.05,89.79,19.53,63.77,13.87,1.05,0.15,29.91,45.81,Sandy Loam
7.15,175.67,65.19,162.11,25.52,3.6,0.62,23.03,52.93,Alluvial Soil
4.85,251.78,22.46,98.75,55.97,6.19,1.08,24.42,77.5,Peaty Soil
6.68,76.31,21.67,62.29,16.88,0.67,0.29,27.84,37.07,Sandy Loam
6.27,90.14,29.86,95.72,24.36,0.69,0.32,30.78,52.39,Red Soil
4.87,265.25,42.4,93.48,53.9,8.67,1.48,19.06,83.96,Peaty Soil
7.54,176.99,38.93,220.42,29.59,2.75,0.8,27.17,72.97,Alluvial Soil
5.5,56.34,14.16,75.79,13.77,1.02,0.28,29.69,77.79,Laterite Soil
5.65,71.9,25.44,113.89,21.08,0.8,0.53,29.31,39.6,Red Soil
8.41,104.1,45.93,198.32,49.39,1.53,0.72,26.61,50.31,Black Soil
8.24,120.19,36.34,230.29,40.82,1.82,0.94,30.64,63.72,Black Soil
7.15,144.04,76.03,174.96,40.43,3.34,0.68,30.98,68.47,Alluvial Soil
7.73,159.54,83.39,210.0,25.7,2.98,0.43,28.69,74.2,Alluvial Soil
5.5,272.94,36.48,63.75,51.83,7.12,1.01,23.35,73.26,Peaty Soil
5.23,43.11,21.92,65.9,23.43,0.82,0.35,33.24,73.92,Laterite Soil
4.27,276.32,22.49,90.25,61.02,8.14,1.87,24.78,89.75,Peaty Soil
4.35,234.87,41.56,150.77,49.51,7.69,1.55,24.64,90.26,Peaty Soil
4.9,52.19,22.46,55.37,16.12,0.9,0.49,28.41,91.26,Laterite Soil
8.36,63.18,48.94,144.67,15.88,0.87,4.63,18.66,32.18,Saline Soil
5.32,59.9,9.37,72.43,17.52,0.78,0.25,29.96,83.52,Laterite Soil
7.2,199.55,50.16,155.39,34.35,2.95,0.79,27.71,63.24,Alluvial Soil
4.71,213.29,32.8,77.94,61.32,6.48,1.17,20.69,95.09,Peaty Soil
7.45,98.81,51.56,226.85,52.76,2.42,1.28,29.22,59.7,Black Soil
8.13,96.48,26.23,209.87,49.36,1.97,1.19,29.61,47.27,Black Soil
4.33,221.9,25.53,115.9,58.07,5.66,1.47,21.89,89.94,Peaty Soil
3.97,177.03,25.62,52.97,57.19,9.01,1.04,20.94,92.22,Peaty Soil
6.36,157.08,41.94,160.82,37.2,3.64,0.99,27.89,76.93,Clayey Soil
5.97,92.73,36.03,85.53,16.56,1.48,0.31,31.44,42.76,Red Soil
8.01,130.27,44.53,145.04,13.35,0.71,4.26,33.76,51.51,Saline Soil
6.37,90.62,30.52,136.12,17.33,0.98,0.36,30.69,44.95,Red Soil
7.17,225.01,79.87,201.29,29.79,3.2,0.6,28.17,71.54,Alluvial Soil
6.38,69.72,31.69,75.15,15.55,0.76,0.37,29.03,27.61,Sandy Loam
5.9,40.99,21.78,117.92,11.12,0.61,0.24,28.17,43.43,Sandy Loam
4.01,189.36,22.72,96.47,58.26,7.3,1.58,17.58,87.72,Peaty Soil
4.39,227.43,30.49,138.15,52.37,6.16,2.18,19.65,87.16,Peaty Soil
8.54,107.68,31.5,176.9,15.02,0.79,3.35,27.6,44.53,Saline Soil
6.26,53.07,29.78,66.1,14.25,0.66,0.28,28.32,37.36,Sandy Loam
6.88,127.88,78.71,180.34,56.75,3.76,1.31,25.87,65.73,Clayey Soil
6.91,52.03,25.01,101.43,26.15,1.09,0.34,31.62,44.56,Red Soil
8.2,94.9,52.61,191.93,48.6,2.65,1.03,29.11,55.07,Black Soil
6.94,37.88,23.1,105.39,26.53,0.61,0.68,30.02,47.18,Red Soil
4.25,229.92,33.44,87.48,60.18,6.05,1.39,19.3,81.89,Peaty Soil
7.47,120.04,29.8,233.15,40.79,2.13,0.88,25.93,61.83,Black Soil
4.68,184.95,37.74,84.38,53.74,5.81,1.84,21.46,93.74,Peaty Soil
4.8,53.5,19.45,72.28,20.72,0.59,0.35,32.42,80.45,Laterite Soil
5.11,49.84,13.23,83.11,18.36,0.72,0.39,27.25,75.25,Laterite Soil
6.71,123.07,45.7,226.85,56.51,2.47,1.53,28.18,71.89,Clayey Soil
4.07,234.76,25.73,133.16,52.5,8.06,1.68,23.92,89.1,Peaty Soil
6.18,129.5,46.03,110.56,55.36,4.73,1.3,23.29,73.59,Clayey Soil
4.72,228.45,35.14,92.58,57.83,7.11,2.02,22.21,87.63,Peaty Soil
5.34,57.54,9.69,99.8,20.3,1.04,0.24,32.87,85.32,Laterite Soil
3.98,247.42,31.36,101.75,56.14,7.51,1.46,24.85,86.9,Peaty Soil
6.4,123.22,62.44,128.7,48.34,4.27,1.21,24.67,89.99,Clayey Soil
7.37,209.34,67.17,156.1,33.8,2.47,0.67,28.55,76.67,Alluvial Soil
6.03,148.5,48.39,164.51,57.53,2.99,1.34,29.29,70.58,Clayey Soil
6.38,87.07,18.05,148.55,11.47,0.87,0.39,31.71,49.86,Red Soil
4.02,227.36,31.28,111.31,51.92,7.06,1.06,22.81,84.41,Peaty Soil
5.64,40.97,24.16,139.27,20.54,0.7,0.39,23.85,38.44,Red Soil
6.62,63.59,27.5,82.7,11.37,0.77,0.19,36.63,40.15,Sandy Loam
7.28,66.86,12.08,99.99,9.04,0.73,0.16,28.54,39.09,Sandy Loam
9.36,93.88,40.03,143.61,18.8,0.68,4.41,28.33,47.35,Saline Soil
6.9,206.1,73.18,250.4,34.63,2.62,0.84,30.38,73.74,Alluvial Soil
4.59,247.37,18.88,89.87,56.98,5.42,1.61,20.75,87.81,Peaty Soil
6.64,196.66,70.55,143.23,28.95,3.4,0.6,24.87,71.23,Alluvial Soil
7.25,219.14,64.21,178.34,40.47,2.08,0.42,28.04,64.49,Alluvial Soil
6.36,122.06,48.5,186.24,50.35,4.05,0.9,19.62,88.45,Clayey Soil
6.07,129.82,56.55,163.94,49.17,4.18,0.57,28.33,69.92,Clayey Soil
7.05,150.49,38.17,166.95,53.27,3.14,1.23,26.82,73.77,Clayey Soil
7.76,109.1,28.77,195.8,42.12,1.93,0.82,30.64,63.22,Black Soil
8.38,108.69,26.31,218.74,53.84,2.48,1.14,27.3,55.66,Black Soil
6.95,180.36,56.15,205.54,56.79,2.85,1.1,24.12,74.78,Clayey Soil
8.98,97.42,15.94,138.14,12.47,0.78,3.89,34.37,37.83,Saline Soil
8.39,100.43,35.48,140.43,18.42,0.63,3.98,34.68,37.72,Saline Soil
8.17,67.23,36.31,260.88,42.83,1.81,1.1,29.69,57.13,Black Soil
4.61,45.06,27.06,84.27,9.78,1.15,0.39,29.92,82.66,Laterite Soil
8.35,102.27,51.57,148.78,19.01,0.83,4.77,27.34,33.61,Saline Soil
6.95,168.51,57.76,144.79,43.73,3.59,1.02,20.57,64.49,Clayey Soil
6.95,40.5,24.93,83.2,12.73,0.58,0.31,33.94,45.22,Sandy Loam
4.45,243.23,28.22,80.37,53.76,5.53,1.21,20.4,76.18,Peaty Soil
7.48,113.97,47.15,215.33,38.31,1.84,0.86,28.45,52.1,Black Soil
8.47,31.17,30.27,125.28,17.78,0.72,4.68,21.8,30.45,Saline Soil
5.28,74.21,18.22,84.24,13.42,0.64,0.2,34.82,61.41,Laterite Soil
6.7,53.56,26.76,68.86,16.85,0.81,0.32,33.83,36.04,Sandy Loam
6.69,87.57,19.2,138.36,19.79,1.28,0.34,30.04,50.67,Red Soil
4.47,243.55,30.28,86.76,67.51,6.93,1.88,21.93,78.96,Peaty Soil
7.77,111.18,42.34,263.08,54.83,2.32,0.97,25.96,34.57,Black Soil
8.96,90.1,29.59,149.77,14.36,0.52,3.95,34.79,38.39,Saline Soil
5.09,263.36,44.52,82.6,58.53,7.27,1.6,19.26,80.07,Peaty Soil
6.93,48.57,31.69,87.04,14.18,0.34,0.15,31.11,48.32,Sandy Loam
6.39,190.22,52.65,154.42,25.15,3.36,0.66,31.87,64.25,Alluvial Soil
7.06,169.91,60.74,169.71,45.84,3.06,1.55,28.85,69.35,Clayey Soil
6.37,168.06,40.14,190.8,55.94,2.82,1.65,24.81,78.9,Clayey Soil
8.66,64.62,31.54,208.24,19.93,0.43,2.42,32.3,46.04,Saline Soil
7.14,47.69,12.49,85.18,18.26,0.76,0.33,30.67,40.78,Sandy Loam
4.07,193.25,25.84,91.49,55.02,6.51,1.84,20.0,77.66,Peaty Soil
6.18,67.05,24.2,81.99,13.91,0.76,0.33,35.1,56.56,Sandy Loam
7.91,104.3,33.17,190.83,46.54,1.77,1.08,27.68,56.64,Black Soil
8.85,47.13,34.81,152.87,12.83,1.06,3.91,31.59,36.55,Saline Soil
4.22,255.41,32.02,112.04,60.68,8.43,1.66,22.17,86.77,Peaty Soil
7.39,70.2,18.91,81.34,14.37,0.75,0.22,27.92,28.78,Sandy Loam
8.01,85.41,49.56,192.49,41.5,1.51,1.17,31.77,58.9,Black Soil
5.92,80.69,34.89,59.75,17.12,0.82,0.17,28.86,37.36,Sandy Loam
6.92,159.0,52.29,144.38,48.56,3.4,1.46,25.5,68.2,Clayey Soil
7.1,147.2,52.22,185.84,29.26,2.71,0.76,28.35,67.51,Alluvial Soil
6.4,119.71,67.86,193.9,61.33,3.43,1.22,23.06,71.85,Clayey Soil
5.49,48.32,22.18,93.29,8.88,0.47,0.29,30.86,45.02,Sandy Loam
5.43,26.24,15.93,90.2,19.46,0.55,0.11,29.9,77.53,Laterite Soil
4.84,237.64,39.35,86.35,61.66,5.21,1.42,17.68,82.94,Peaty Soil
4.33,236.64,25.7,85.98,60.05,6.02,1.98,25.06,88.34,Peaty Soil
7.62,96.85,21.17,298.57,48.21,2.39,0.63,32.98,72.85,Black Soil
7.21,80.04,20.52,65.0,13.35,0.86,0.25,34.31,51.67,Sandy Loam
4.08,241.27,33.08,50.78,58.2,7.17,1.57,22.57,77.62,Peaty Soil
7.75,171.94,79.61,240.64,36.49,2.58,0.81,26.42,61.67,Alluvial Soil
4.99,52.19,11.43,77.22,20.24,0.98,0.39,28.68,74.54,Laterite Soil
7.77,86.0,40.47,297.29,45.08,1.89,0.85,32.4,70.68,Black Soil
8.74,91.0,36.3,152.56,20.48,0.69,3.11,35.47,42.47,Saline Soil
6.33,73.03,25.53,100.43,7.85,0.71,0.33,24.83,48.9,Sandy Loam
7.18,161.44,49.16,176.65,31.83,2.59,0.65,21.58,67.42,Alluvial Soil
8.08,98.61,37.49,183.13,15.38,0.66,5.24,39.65,38.08,Saline Soil
7.48,154.19,69.78,249.28,31.02,2.38,0.65,22.69,62.51,Alluvial Soil
5.78,61.92,22.96,85.24,20.84,0.66,0.56,29.71,51.59,Red Soil
7.61,82.06,60.45,240.02,49.91,1.58,0.79,32.33,44.2,Black Soil
7.47,188.66,76.98,108.11,41.4,2.73,0.92,22.86,72.29,Alluvial Soil
7.02,155.32,63.42,197.31,30.99,2.47,0.78,28.05,60.37,Alluvial Soil
6.31,96.74,26.27,57.66,23.55,1.4,0.26,30.17,51.84,Red Soil
8.72,90.17,35.49,143.29,20.62,1.09,4.09,32.95,38.73,Saline Soil
6.04,186.59,39.75,195.62,47.23,3.03,1.35,27.6,64.47,Clayey Soil
5.59,163.23,36.9,175.76,48.28,4.69,1.51,21.4,73.04,Clayey Soil
6.67,160.25,62.68,141.33,44.65,2.96,1.41,28.25,67.06,Clayey Soil
7.28,108.16,46.58,215.32,47.49,3.26,0.85,19.28,85.6,Clayey Soil
4.31,281.02,21.36,55.48,48.59,4.93,1.84,23.15,91.64,Peaty Soil
5.42,47.94,17.27,112.59,21.82,0.62,0.31,29.99,77.12,Laterite Soil
6.72,181.1,51.96,187.51,48.38,3.7,1.22,23.8,70.24,Clayey Soil
8.81,97.17,36.29,137.88,14.25,0.6,3.0,28.35,29.53,Saline Soil
7.07,55.8,16.93,77.49,17.34,0.66,0.42,33.6,36.84,Sandy Loam
5.88,78.15,26.36,105.69,22.56,0.92,0.63,28.89,53.26,Red Soil
6.42,172.46,37.53,161.63,48.66,2.7,1.08,20.98,74.09,Clayey Soil
8.39,59.21,25.93,138.91,12.79,1.12,4.36,35.89,35.31,Saline Soil
7.33,128.99,40.52,264.42,41.82,2.02,0.69,29.81,52.15,Black Soil
7.32,168.41,59.41,202.26,23.39,1.94,0.67,22.96,70.2,Alluvial Soil
9.39,76.73,40.95,168.97,14.52,0.9,3.75,28.04,48.48,Saline Soil
8.22,113.34,36.65,218.43,40.8,2.18,1.24,26.74,53.07,Black Soil
6.63,190.69,55.74,179.2,53.73,3.65,0.55,23.16,73.72,Clayey Soil
5.46,46.23,24.63,72.34,15.1,1.39,0.15,28.78,73.92,Laterite Soil
3.78,214.23,31.95,46.81,58.44,6.94,1.19,22.31,85.04,Peaty Soil
4.66,256.08,17.79,120.25,53.98,6.34,1.35,24.34,84.01,Peaty Soil
5.95,148.08,45.04,191.63,55.34,4.28,1.38,27.82,68.98,Clayey Soil
6.3,55.7,24.03,92.08,12.99,0.46,0.18,41.41,32.96,Sandy Loam
5.61,61.1,14.69,76.39,16.64,0.65,0.38,27.41,72.19,Laterite Soil
4.68,299.0,26.55,77.36,51.93,7.83,1.3,20.39,74.83,Peaty Soil
6.27,124.76,57.77,193.46,57.86,2.95,1.3,22.37,69.46,Clayey Soil
6.61,51.84,30.57,105.39,16.59,0.66,0.23,31.3,49.54,Sandy Loam
8.33,101.08,36.67,274.15,46.0,2.17,0.52,29.79,49.89,Black Soil
7.77,68.4,44.32,306.23,41.58,1.59,0.78,30.9,58.59,Black Soil
4.58,48.16,13.67,89.51,19.92,0.83,0.24,32.14,82.49,Laterite Soil
7.19,210.45,58.84,173.46,30.96,3.39,0.78,24.64,71.39,Alluvial Soil
7.51,109.77,43.66,225.3,36.48,2.48,0.7,25.63,57.87,Black Soil
6.77,113.32,58.49,171.06,52.79,2.98,1.59,33.95,71.91,Clayey Soil
7.25,154.21,40.92,187.06,53.39,4.8,1.25,23.51,67.58,Clayey Soil
5.45,62.27,27.11,119.67,25.82,1.09,0.28,32.7,54.42,Red Soil
5.35,66.44,14.79,92.77,19.46,1.08,0.31,34.89,79.45,Laterite Soil
6.11,52.08,25.21,94.21,9.05,0.65,0.24,27.78,43.06,Sandy Loam
5.22,65.34,34.17,121.89,23.35,0.99,0.37,34.32,43.77,Red Soil
4.86,64.83,18.48,102.65,19.95,0.91,0.31,33.45,66.71,Laterite Soil
7.43,137.29,48.33,161.33,56.12,3.62,1.22,26.78,58.62,Clayey Soil
6.64,136.21,36.15,178.91,55.11,3.7,1.41,24.71,77.59,Clayey Soil
8.4,86.4,33.54,153.92,21.0,0.64,3.97,32.7,35.95,Saline Soil
6.93,168.99,57.74,171.44,55.07,3.67,1.34,16.92,62.35,Clayey Soil
6.94,78.28,13.34,93.57,9.84,0.97,0.31,27.04,40.07,Sandy Loam
6.97,132.08,49.52,171.0,46.51,2.94,0.7,20.77,74.7,Clayey Soil
8.15,146.86,58.45,180.95,50.74,4.18,1.08,27.69,71.49,Clayey Soil
5.26,44.89,10.86,60.47,20.09,1.12,0.32,33.4,82.6,Laterite Soil
4.65,254.31,28.56,128.52,60.52,7.02,1.33,21.21,85.63,Peaty Soil
4.74,202.97,30.86,91.09,62.92,7.78,1.84,22.56,79.23,Peaty Soil
6.59,132.31,52.26,176.24,51.29,3.41,0.77,26.34,75.36,Clayey Soil
5.02,54.57,17.8,73.46,19.41,0.98,0.2,35.3,65.91,Laterite Soil
5.17,87.52,22.57,91.2,19.47,1.18,0.44,31.58,36.61,Red Soil
7.8,156.53,59.83,155.49,61.35,3.56,1.36,23.63,71.99,Clayey Soil
4.49,254.78,43.21,66.46,63.92,6.5,1.93,21.38,96.7,Peaty Soil
4.51,237.72,31.34,75.3,60.86,7.15,1.53,23.52,84.47,Peaty Soil
6.56,64.05,30.85,71.7,12.88,0.94,0.27,25.18,36.65,Sandy Loam
7.35,136.57,51.13,197.27,59.98,4.18,0.88,23.77,76.08,Clayey Soil
5.23,45.65,10.36,71.49,19.32,0.75,0.17,28.45,87.45,Laterite Soil
3.98,271.33,19.41,74.18,53.1,8.04,1.43,18.01,87.45,Peaty Soil
5.59,31.69,15.02,88.12,16.86,0.65,0.38,27.13,76.04,Laterite Soil
7.73,80.13,35.82,192.73,45.62,1.23,0.99,27.85,56.18,Black Soil
7.26,106.62,58.01,216.55,50.98,3.25,1.3,22.85,87.64,Clayey Soil
4.59,214.6,19.18,92.6,60.8,6.94,1.56,20.51,98.0,Peaty Soil
4.35,235.89,41.11,82.32,52.35,8.43,1.78,27.27,89.75,Peaty Soil
6.34,63.58,27.75,120.3,8.85,0.8,0.33,29.92,48.3,Sandy Loam
7.01,80.29,23.32,76.89,19.83,0.78,0.3,36.23,44.42,Sandy Loam
6.87,159.19,70.66,178.43,34.85,2.9,0.52,31.92,80.57,Alluvial Soil
6.06,64.17,26.49,117.35,20.35,1.08,0.24,30.99,47.24,Red Soil
8.46,94.63,44.6,198.74,44.9,2.14,0.64,28.8,55.81,Black Soil
5.32,80.41,36.17,129.61,20.22,1.01,0.5,32.6,53.12,Red Soil
6.54,123.56,36.93,194.8,51.16,2.65,0.94,20.97,74.32,Clayey Soil
6.79,64.85,28.18,64.11,17.51,0.57,0.2,28.66,61.87,Sandy Loam
6.73,76.67,28.22,106.44,22.26,1.32,0.52,28.24,50.76,Red Soil
7.5,163.23,81.71,187.5,33.3,2.93,0.73,29.34,73.55,Alluvial Soil
7.26,76.08,55.48,305.02,45.48,1.4,1.37,34.38,60.43,Black Soil
6.01,81.17,32.49,104.05,21.83,0.85,0.53,29.2,45.65,Red Soil
7.97,72.14,44.58,210.88,42.81,1.57,0.74,36.5,65.65,Black Soil
4.11,205.61,34.93,54.81,57.58,6.51,1.81,17.22,85.07,Peaty Soil
5.9,50.28,29.53,99.54,17.82,0.77,0.78,28.54,31.63,Red Soil
7.33,132.34,29.47,165.27,51.25,3.27,0.99,24.76,74.5,Clayey Soil
3.92,261.26,31.57,80.96,69.81,5.32,1.94,21.17,89.32,Peaty Soil
6.83,58.44,36.0,114.07,21.96,0.51,0.19,28.66,50.1,Red Soil
7.15,155.94,65.59,144.5,52.77,3.74,1.26,20.97,56.06,Clayey Soil
7.28,71.06,22.2,83.79,11.17,0.81,0.32,28.34,33.66,Sandy Loam
8.84,79.57,30.73,176.54,16.45,0.83,5.07,31.51,56.54,Saline Soil
5.98,74.16,21.47,88.07,23.62,0.97,0.35,27.06,53.94,Red Soil
6.86,70.32,22.21,110.0,12.5,0.92,0.31,30.43,34.9,Sandy Loam
4.13,195.82,34.79,85.12,56.53,6.79,1.3,26.16,92.14,Peaty Soil
8.02,78.84,37.61,277.6,48.48,2.73,1.19,32.58,43.9,Black Soil
6.11,83.09,33.12,103.2,22.54,1.09,0.35,34.4,48.47,Red Soil
6.27,51.35,29.07,69.05,8.58,0.3,0.18,36.22,42.13,Sandy Loam
7.86,178.48,56.5,149.59,23.89,2.01,0.79,28.28,56.93,Alluvial Soil
8.62,71.92,35.29,90.06,11.05,0.83,5.38,33.39,31.52,Saline Soil
7.11,73.83,29.81,79.55,11.16,0.59,0.16,36.14,39.73,Sandy Loam
8.95,80.53,25.18,146.23,20.02,1.13,3.96,25.36,45.56,Saline Soil
6.31,21.03,23.86,71.65,18.23,0.54,0.2,32.63,36.72,Sandy Loam
7.97,93.22,45.92,151.37,49.41,1.95,0.91,36.19,49.6,Black Soil
8.16,79.82,32.89,147.92,14.26,1.03,4.31,28.48,46.26,Saline Soil
7.62,109.82,44.03,240.62,41.12,2.42,1.08,25.79,63.01,Black Soil
7.14,155.76,39.45,133.35,52.0,4.48,1.57,25.97,68.53,Clayey Soil
7.12,104.05,19.56,206.2,54.15,1.67,0.72,27.21,71.54,Black Soil
3.95,227.98,26.03,94.87,52.06,6.96,1.45,17.75,77.7,Peaty Soil
6.32,149.56,45.14,132.78,47.54,2.95,1.28,28.03,62.95,Clayey Soil
4.93,70.13,11.67,59.17,16.1,0.64,0.28,28.87,72.67,Laterite Soil
6.88,121.1,52.27,188.76,51.75,3.17,1.2,26.44,65.7,Clayey Soil
4.26,229.53,42.34,102.09,63.68,5.97,1.98,23.42,76.75,Peaty Soil
6.2,50.19,26.92,68.77,11.35,0.4,0.24,36.01,35.23,Sandy Loam
4.55,71.18,14.13,71.42,19.66,0.71,0.31,32.73,84.24,Laterite Soil
5.26,39.94,14.6,85.91,22.15,0.99,0.45,35.91,80.87,Laterite Soil
4.46,211.67,30.36,86.99,57.29,6.78,1.27,22.35,77.25,Peaty Soil
7.19,199.27,47.26,229.31,33.52,2.59,0.84,34.45,69.27,Alluvial Soil
7.51,61.89,20.43,64.39,8.39,0.72,0.33,28.83,41.88,Sandy Loam
4.93,55.38,20.29,96.64,22.69,0.78,0.4,28.86,84.05,Laterite Soil
7.94,86.31,25.97,161.93,47.13,1.68,0.84,30.78,64.39,Black Soil
7.76,130.85,34.51,220.75,45.26,2.24,0.99,22.83,50.74,Black Soil
8.51,86.13,27.84,158.63,11.79,0.57,4.02,38.97,45.06,Saline Soil
5.74,62.1,18.74,119.0,23.53,0.7,0.4,24.38,40.36,Red Soil
8.56,46.86,47.42,151.88,12.28,0.3,2.45,35.08,32.43,Saline Soil
6.41,63.46,22.11,99.49,20.83,1.5,0.22,29.59,53.31,Red Soil
4.79,61.9,8.59,50.62,18.44,0.92,0.34,30.09,94.45,Laterite Soil
6.27,52.39,35.79,108.44,21.33,1.02,0.54,32.48,50.85,Red Soil
6.71,181.47,70.36,184.72,32.77,2.32,0.72,28.64,69.1,Alluvial Soil
8.49,107.58,16.49,110.31,13.68,0.51,5.33,37.03,43.33,Saline Soil
5.91,44.43,26.26,99.44,19.04,1.23,0.53,30.38,56.46,Red Soil
5.67,64.05,18.54,54.54,14.21,0.85,0.33,29.88,74.88,Laterite Soil
7.54,105.72,36.69,235.37,46.36,1.3,0.79,33.4,62.09,Black Soil
6.24,69.45,15.84,110.4,25.6,0.92,0.5,32.74,40.27,Red Soil
9.17,74.92,29.8,153.97,12.56,0.71,4.19,31.89,38.8,Saline Soil
6.57,52.56,25.5,130.97,19.86,1.24,0.43,30.48,46.06,Red Soil
6.44,40.62,22.75,83.24,10.05,0.72,0.3,32.37,44.23,Sandy Loam
7.46,167.92,66.76,243.37,36.04,2.67,0.62,18.97,62.97,Alluvial Soil
7.11,187.72,85.43,202.22,43.71,3.08,0.49,29.14,70.67,Alluvial Soil
7.65,165.59,50.47,187.89,50.11,3.42,1.06,26.68,84.75,Clayey Soil
8.92,85.55,34.09,105.79,20.79,0.6,4.94,32.7,26.36,Saline Soil
6.53,68.41,36.63,109.83,19.53,1.49,0.39,24.13,43.61,Red Soil
7.02,145.2,59.67,183.45,55.45,4.21,1.37,23.44,65.58,Clayey Soil
5.03,53.4,17.49,35.37,20.25,1.23,0.31,27.91,74.66,Laterite Soil
4.7,230.84,41.91,107.46,55.72,5.56,1.45,22.74,88.28,Peaty Soil
6.82,55.91,15.34,123.6,22.32,0.8,0.27,35.34,60.02,Red Soil
6.61,152.22,60.6,179.49,47.99,3.29,1.39,19.16,58.3,Clayey Soil
5.86,51.53,20.63,63.41,15.6,0.65,0.26,25.22,41.64,Sandy Loam
8.33,58.26,36.7,123.53,14.32,0.81,3.96,41.25,37.33,Saline Soil
7.61,165.21,71.57,188.93,31.02,3.35,0.87,29.35,77.14,Alluvial Soil
6.11,74.81,35.02,144.33,13.58,0.71,0.61,28.45,42.29,Red Soil
4.69,154.44,29.98,82.11,60.06,6.63,1.57,18.91,89.04,Peaty Soil
6.53,158.17,33.37,156.63,49.67,2.42,1.52,19.24,69.59,Clayey Soil
4.79,51.41,16.23,88.41,17.95,0.84,0.34,37.32,83.77,Laterite Soil
8.11,69.72,32.77,212.55,13.17,0.72,3.8,34.0,33.3,Saline Soil
5.35,39.38,14.14,42.66,19.09,0.81,0.2,31.58,84.68,Laterite Soil
4.31,246.73,28.83,122.62,58.45,6.9,1.55,22.09,91.6,Peaty Soil
6.68,42.44,20.01,98.65,8.59,0.81,0.14,23.23,38.01,Sandy Loam
7.29,204.68,64.09,185.4,32.68,2.38,1.06,20.87,69.29,Alluvial Soil
6.59,70.8,23.95,79.64,15.53,0.99,0.3,28.33,40.48,Sandy Loam
8.9,106.12,42.79,168.33,14.92,0.78,3.88,31.12,38.61,Saline Soil
7.48,87.85,46.81,243.19,41.74,1.9,0.64,32.6,53.36,Black Soil
9.0,75.83,32.35,170.0,15.72,0.84,4.7,28.87,41.46,Saline Soil
5.94,25.26,14.0,75.27,17.22,0.57,0.22,28.03,76.14,Laterite Soil
8.33,48.23,39.08,182.58,13.88,0.57,3.81,34.29,49.06,Saline Soil
6.56,80.35,21.66,83.54,16.33,0.71,0.17,30.92,54.1,Sandy Loam
7.05,107.31,34.67,246.17,39.75,1.79,0.96,29.07,46.08,Black Soil
6.59,141.98,51.63,148.97,60.08,2.51,1.33,23.65,88.26,Clayey Soil
4.67,54.56,20.86,62.67,23.82,0.77,0.42,29.07,64.83,Laterite Soil
6.71,67.38,20.17,87.66,6.41,0.78,0.3,30.31,42.17,Sandy Loam
7.85,87.37,39.25,276.64,44.32,1.36,1.1,27.18,55.25,Black Soil
5.01,231.76,22.88,119.5,50.22,3.65,1.87,24.23,87.28,Peaty Soil
7.3,195.87,78.32,207.29,30.91,3.14,1.03,26.04,61.18,Alluvial Soil
6.12,56.44,17.07,38.74,16.38,0.65,0.39,34.1,39.17,Sandy Loam
5.48,64.85,36.0,135.46,20.35,0.88,0.56,34.0,38.1,Red Soil
4.66,225.54,28.98,66.88,56.61,7.02,1.99,19.64,83.96,Peaty Soil
6.35,61.74,24.58,85.71,11.67,0.63,0.27,30.47,49.55,Sandy Loam
4.88,237.52,26.76,63.55,51.6,7.17,1.21,21.81,96.24,Peaty Soil
5.47,54.87,13.93,56.36,13.39,0.9,0.35,32.95,77.23,Laterite Soil
8.0,59.08,31.91,272.53,45.34,1.69,0.68,23.68,38.83,Black Soil
4.98,62.51,36.38,92.23,20.15,0.79,0.66,35.89,40.49,Red Soil
9.11,54.89,21.11,155.76,16.94,0.37,4.47,30.4,30.74,Saline Soil
6.49,168.84,75.28,201.42,26.39,2.89,0.81,23.41,69.08,Alluvial Soil
7.9,114.27,53.45,236.12,44.06,1.88,1.02,31.57,55.03,Black Soil
5.67,39.36,21.36,56.14,23.42,0.91,0.38,25.85,82.4,Laterite Soil
8.46,58.9,34.68,128.41,18.47,0.9,3.51,31.99,43.75,Saline Soil
6.01,63.46,35.34,86.49,22.31,0.98,0.36,39.33,51.56,Red Soil
4.67,58.24,16.01,35.12,20.81,0.57,0.22,33.06,75.74,Laterite Soil
8.4,111.24,33.74,151.77,16.87,1.1,3.77,31.11,37.04,Saline Soil
6.99,128.18,37.16,211.95,52.51,3.22,1.05,18.7,64.22,Clayey Soil
8.29,69.15,31.73,185.4,15.77,0.46,4.39,35.31,37.77,Saline Soil
5.82,76.49,22.98,65.29,15.98,1.11,0.31,29.24,38.87,Red Soil
6.42,115.26,47.04,187.92,42.92,3.32,1.59,20.03,74.6,Clayey Soil
7.4,187.03,66.25,193.12,28.61,2.66,0.5,26.16,61.08,Alluvial Soil
8.44,121.7,16.69,166.96,18.28,0.87,4.33,34.2,45.81,Saline Soil
6.41,129.26,31.47,151.88,49.31,3.29,1.18,25.27,73.89,Clayey Soil
6.34,178.28,48.58,254.62,36.1,2.85,0.94,23.54,71.8,Alluvial Soil
4.57,66.15,23.93,89.37,16.07,0.94,0.2,33.73,77.52,Laterite Soil
7.06,86.07,51.88,185.2,30.96,2.13,1.0,23.64,47.12,Black Soil
8.54,74.21,48.69,156.93,22.31,1.03,5.48,27.7,43.34,Saline Soil
7.04,153.9,56.73,172.53,55.35,1.95,1.18,20.34,82.72,Clayey Soil
5.34,39.71,16.08,83.89,25.69,1.0,0.34,32.59,71.02,Laterite Soil
5.81,60.92,21.2,80.7,16.19,0.8,0.29,32.65,87.81,Laterite Soil
5.56,49.22,19.04,90.78,23.72,0.77,0.32,36.04,64.19,Laterite Soil
6.42,67.89,23.58,123.19,22.47,0.86,0.62,30.61,54.2,Red Soil
